word,meaning,description
Phony,"가짜의, 허위의","Phony... Phony... 이 표현은 형용사로 '가짜의' 또는 '허위의'라는 뜻입니다. 이 단어는 19세기 영국에서 사기꾼들이 쓰던 금색 도금 반지를 'fawney'라고 부른 데서 유래했다는 설이 유력해요. 겉만 번지르르하고 속은 가짜라는 느낌이죠! 영화에서는 ""We've become bored with watching actors give us phony emotions."" 이 문장은 ""우리는 배우들이 가짜 감정을 연기하는 것을 보는 데 지쳤습니다.""라는 뜻입니다. Phony, 가짜의."
Pyrotechnics,"불꽃놀이, 화려한 기교","Pyrotechnics... Pyrotechnics... 이 표현은 명사로 '불꽃놀이' 또는 '화려한 기교'라는 뜻입니다. 불을 뜻하는 그리스어 'pyro-'와 기술을 뜻하는 'technics'가 합쳐졌어요. 말 그대로 '불을 다루는 기술'이죠! 영화에서는 ""We're tired of pyrotechnics and special effects."" 이 문장은 ""폭죽놀이나 특수 효과도 이제 지겹죠.""라는 뜻입니다. Pyrotechnics, 불꽃놀이/화려한 기교."
Counterfeit,"위조의, 모조품","Counterfeit... Counterfeit... 이 표현은 형용사로 '위조의', 명사로 '모조품'이라는 뜻입니다. '~에 대항하여'라는 'counter-'와 '만들다'라는 뜻의 라틴어 'facere(feit)'가 만났어요. 진짜에 맞서서 가짜를 만들어냈다는 뜻이죠. 영화에서는 ""While the world he inhabits is, in some respects, counterfeit..."" 이 문장은 ""그가 사는 세상은 어떤 면에서는 가짜일지 모르지만...""이라는 뜻입니다. Counterfeit, 위조의."
Genuine,"진짜의, 진실한","Genuine... Genuine... 이 표현은 형용사로 '진짜의' 또는 '진실한'이라는 뜻입니다. '낳다, 발생시키다'라는 어근 'gen-'에서 왔어요. 태어난 그대로의 순수한 상태를 의미하죠. 영화에서는 ""It isn't always Shakespeare, but it's genuine."" 이 문장은 ""항상 셰익스피어 같은 명작은 아니지만, 진실하죠.""라는 뜻입니다. Genuine, 진짜의."
Inhabit,"거주하다, 살다","Inhabit... Inhabit... 이 표현은 동사로 '거주하다' 또는 '살다'라는 뜻입니다. '~안에'를 뜻하는 'in-'과 '가지다, 머물다'라는 라틴어 'habitare'가 합쳐졌어요. 어떤 장소 안에 계속 머물며 산다는 뜻이죠. 영화에서는 ""While the world he inhabits is... counterfeit..."" 이 문장은 ""그가 사는 세상은... 가짜일지 모르지만...""이라는 뜻입니다. Inhabit, 거주하다."
Summit,"정상, 꼭대기","Summit... Summit... 이 표현은 명사로 '정상' 또는 '꼭대기'라는 뜻입니다. '가장 높은'을 뜻하는 라틴어 'summus'에서 유래했어요. 수학에서 합계를 뜻하는 'sum'도 같은 뿌리랍니다! 영화에서는 ""If I die before I reach the summit..."" 이 문장은 ""내가 정상에 오르기 전에 죽으면...""이라는 뜻입니다. Summit, 정상."
Peril,위험,"Peril... Peril... 이 표현은 명사로 '위험'이라는 뜻입니다. '시도하다'라는 뜻의 라틴어 'periculum'에서 왔는데, 무언가를 시도할 때는 늘 위험이 따른다는 철학이 담겨 있죠. 영화에서는 ""Forget about the perils of flying..."" 이 문장은 ""비행의 위험 같은 건 잊고...""라는 뜻입니다. Peril, 위험."
Prospect,"가망 고객, 전망","Prospect... Prospect... 이 표현은 명사로 '가망 고객' 혹은 '전망'이라는 뜻입니다. '앞으로'를 뜻하는 'pro-'와 '보다'라는 뜻의 'spect'가 합쳐졌어요. 앞을 내다보고 찾는 대상이죠. 영화에서는 ""Got a prospect in Wells Park need you to close."" 이 문장은 ""웰스 파크에 가망 고객이 있는데 자네가 가서 계약 좀 따내.""라는 뜻입니다. Prospect, 가망 고객."
Quota,"할당량, 실적","Quota... Quota... 이 표현은 명사로 '할당량' 혹은 '정해진 몫'이라는 뜻입니다. 라틴어로 '얼마나 많은가'를 묻는 'quota pars'에서 유래했어요. 네 몫이 얼마나 되느냐는 질문이죠! 영화에서는 ""If you don't meet your quota."" 이 문장은 ""할당량을 못 채우면.""이라는 뜻입니다. Quota, 할당량."
Cutback,"인원 감축, 축소","Cutback... Cutback... 이 표현은 명사로 '인원 감축' 또는 '축소'라는 뜻입니다. '자르다(cut)'와 '뒤로(back)'가 만나서, 규모를 뒤로 돌려 줄인다는 직관적인 단어예요. 영화에서는 ""They're making cutbacks at the end of this month."" 이 문장은 ""이번 달 말에 인원 감축이 있을 거야.""라는 뜻입니다. Cutback, 인원 감축."
Antsy,"좀이 쑤시는, 안달 난","Antsy... Antsy... 이 표현은 형용사로 '좀이 쑤시는' 또는 '안절부절못하는'이라는 뜻입니다. '개미(ant)'에서 왔는데, 바지 안에 개미가 들어간 것처럼 가만히 있지 못하는 모습을 상상해 보세요! 영화에서는 ""Don't you ever get antsy? Itchy feet?"" 이 문장은 ""넌 뭐 좀이 쑤시거나 어디론가 떠나고 싶지 않아?""라는 뜻입니다. Antsy, 좀이 쑤시는."
Itchy feet,떠나고 싶어 안달 난,"Itchy feet... Itchy feet... 이 표현은 숙어로 '어딘가로 떠나고 싶어 안달이 난 상태'를 뜻합니다. 발이 '간지럽다(itchy)'는 건 당장이라도 길을 떠나고 싶어서 근질근질하다는 재미있는 표현이죠. 영화에서는 ""Don't you ever get antsy? Itchy feet?"" 이 문장은 ""넌 뭐 좀이 쑤시거나 어디론가 떠나고 싶지 않아?""라는 뜻입니다. Itchy feet, 떠나고 싶어 안달 난."
Scrape together,간신히 긁어모으다,"Scrape together... Scrape together... 이 표현은 구동사로 돈 등을 '간신히 긁어모으다'라는 뜻입니다. 바닥을 '긁어(scrape)'서 '함께(together)' 모으는 힘겨운 과정을 묘사해요. 영화에서는 ""I figure we can scrape together $8,000."" 이 문장은 ""우리가 8천 달러 정도는 긁어모을 수 있을 거야.""라는 뜻입니다. Scrape together, 긁어모으다."
Mortgage,"담보 대출, 융자","Mortgage... Mortgage... 이 표현은 명사로 '주택 담보 대출'을 뜻합니다. 프랑스어로 '죽음'을 뜻하는 'mort'와 '약속'을 뜻하는 'gage'가 합쳐졌어요. 빚을 다 갚거나 집을 뺏길 때까지 끝까지 가는 '죽음의 약속'이라는 무시무시한 유래가 있죠! 영화에서는 ""We have mortgage payments, Truman."" 이 문장은 ""우리 융자금도 갚아야 하잖아요, 트루먼.""이라는 뜻입니다. Mortgage, 담보 대출."
Obligation,"의무, 책임","Obligation... Obligation... 이 표현은 명사로 '의무' 또는 '책임'이라는 뜻입니다. '~쪽으로'를 뜻하는 'ob-'와 '묶다'라는 뜻의 'lig(bind)'가 합쳐졌어요. 어떤 약속에 몸이 묶여 있는 상태를 말하죠. 영화에서는 ""Walk away from our financial obligations?"" 이 문장은 ""빚(재정적 의무)잔치라도 하고 도망치자는 거야?""라는 뜻입니다. Obligation, 의무."
Rebound,"홧김에 하는 연애, 회복","Rebound... Rebound... 이 표현은 명사로 '공이 튀어 오름' 혹은 '연인과 헤어진 뒤 홧김에 시작한 연애'를 뜻합니다. '다시'라는 're-'와 '튀다'라는 'bound'가 만났어요. 튕겨 나간 마음이 다른 곳으로 가버린 거죠. 영화에서는 ""He married Meryl on the rebound."" 이 문장은 ""홧김에 메릴이랑 결혼했다니...""라는 뜻입니다. Rebound, 홧김에 하는 연애."
Synchronized,동시에 일어나는,"Synchronized... Synchronized... 이 표현은 형용사로 '동시에 일어나는' 또는 '정교하게 일치하는'이라는 뜻입니다. '함께'를 뜻하는 'syn-'과 '시간'을 뜻하는 'chron-'이 합쳐졌어요. 시간이 딱딱 맞다는 뜻이죠! 영화에서는 ""Beautifully synchronized, don't you agree?"" 이 문장은 ""기가 막히게 타이밍이 딱딱 맞지 않아?""라는 뜻입니다. Synchronized, 동시에 일어나는."
Spontaneous,"즉흥적인, 자발적인","Spontaneous... Spontaneous... 이 표현은 형용사로 '즉흥적인' 또는 '자발적인'이라는 뜻입니다. '자유의지'를 뜻하는 라틴어 'sponte'에서 유래했어요. 시키지 않아도 마음이 가는 대로 바로 행동하는 것이죠. 영화에서는 ""I guess I'm being spontaneous."" 이 문장은 ""난 지금 즉흥적으로 행동하는 거야.""라는 뜻입니다. Spontaneous, 즉흥적인."
Exaggerate,과장하다,"Exaggerate... Exaggerate... 이 표현은 동사로 '과장하다'라는 뜻입니다. '밖으로'를 뜻하는 'ex-'와 '쌓다'라는 뜻의 'ger'가 합쳐져, 실제보다 더 크게 쌓아 올린다는 뜻이 되었어요. 영화에서는 ""I'm sure they're exaggerating."" 이 문장은 ""과장한 걸 거야.""라는 뜻입니다. Exaggerate, 과장하다."
Unprofessional,"비전문적인, 프로답지 못한","Unprofessional... Unprofessional... 이 표현은 형용사로 '프로답지 못한'이라는 뜻입니다. '반대'를 뜻하는 'un-'에 '전문적인'이라는 'professional'이 붙었어요. 직업 윤리에 어긋난다는 뜻이죠. 영화에서는 ""It's unprofessional."" 이 문장은 ""이건 프로답지 못하다고요.""라는 뜻입니다. Unprofessional, 프로답지 못한."
Revolve,"돌다, 회전하다","Revolve... Revolve... 이 표현은 동사로 '돌다' 또는 '회전하다'라는 뜻입니다. '다시'를 뜻하는 're-'와 '구르다'라는 라틴어 'volvere'가 합쳐졌어요. 어떤 것을 중심으로 계속 둥글게 도는 모습을 상상해 보세요! 영화에서는 'It feels like the whole world revolves around me somehow.' 이 문장은 '왠지 온 세상이 나를 중심으로 돌아가는 것 같아.'라는 뜻입니다. Revolve, 돌다."
Identical,"동일한, 똑같은","Identical... Identical... 이 표현은 형용사로 '동일한' 또는 '똑같은'이라는 뜻입니다. '같은'을 의미하는 라틴어 'idem'에서 유래했어요. 쌍둥이를 'identical twins'라고 부르는 것도 바로 이 단어 때문이죠! 영화에서는 'Jesus, they were identical.' 이 문장은 '세상에, 답이 똑같았지.'라는 뜻입니다. Identical, 동일한."
Conceiver,"고안자, 기획자","Conceiver... Conceiver... 이 표현은 명사로 '고안자' 또는 '기획자'라는 뜻입니다. '함께'라는 뜻의 'con-'과 '잡다'라는 뜻의 'ceive(capere)'가 만난 'conceive(마음속에 품다, 고안하다)'에 사람을 뜻하는 접미사 '-er'이 붙었어요. 머릿속에 아이디어를 품고 만들어낸 사람이죠. 영화에서는 'A rare and exclusive interview with the show's conceiver and creator.' 이 문장은 '오늘은 이 쇼를 기획하고 만든 창시자와의 독점 인터뷰를 준비했습니다.'라는 뜻입니다. Conceiver, 고안자."
Catalyst,"기폭제, 촉매","Catalyst... Catalyst... 이 표현은 명사로 '기폭제' 또는 '촉매'라는 뜻입니다. '아래로'를 뜻하는 그리스어 'cata-'와 '풀다'라는 뜻의 'lyein'이 합쳐졌어요. 화학 반응을 돕듯이, 어떤 사건을 촉발시키는 결정적인 계기를 말하죠. 영화에서는 'The catalyst for the recent dramatic events on the show has been Truman's father...' 이 문장은 '최근 쇼에서 일어난 극적인 사건들의 계기는 트루먼의 아버지였죠...'라는 뜻입니다. Catalyst, 기폭제."
Masterstroke,"신의 한 수, 묘수","Masterstroke... Masterstroke... 이 표현은 명사로 '신의 한 수' 또는 '절묘한 솜씨'라는 뜻입니다. '거장, 달인'을 뜻하는 'master'와 '(붓이나 검의) 한 번의 휘두름'을 뜻하는 'stroke'가 합쳐졌어요. 장인의 기가 막힌 한 번의 터치라는 뜻이죠! 영화에서는 'Got to say, writing Kirk back in, masterstroke.' 이 문장은 '커크를 다시 등장시킨 건 정말 신의 한 수였습니다.'라는 뜻입니다. Masterstroke, 신의 한 수."
Amnesia,기억 상실증,"Amnesia... Amnesia... 이 표현은 명사로 '기억 상실증'이라는 뜻입니다. '부정(not)'을 뜻하는 그리스어 'a-'와 '기억'을 뜻하는 'mnesia'가 결합했어요. 말 그대로 기억이 없는 상태를 가리키는 의학 용어랍니다. 영화에서는 'Amnesia. Brilliant.' 이 문장은 '기억 상실증이죠. 기발하군요.'라는 뜻입니다. Amnesia, 기억 상실증."
Vicinity,"부근, 인근","Vicinity... Vicinity... 이 표현은 명사로 '부근' 또는 '인근'이라는 뜻입니다. '이웃'을 뜻하는 라틴어 'vicinus'에서 유래했어요. 마을에 사는 이웃들처럼 아주 가까운 거리나 범위를 나타냅니다. 영화에서는 'Somewhere in the vicinity of 5,000.' 이 문장은 '5,000대 정도 됩니다(그 근방입니다).'라는 뜻입니다. Vicinity, 부근."
Premature,"정상보다 이른, 조산의","Premature... Premature... 이 표현은 형용사로 '정상보다 이른' 또는 '조산의'라는 뜻입니다. '미리, 전에'를 뜻하는 'pre-'와 '성숙한'을 뜻하는 'mature'가 합쳐졌어요. 다 성숙하기도 전에 너무 일찍 나왔다는 의미죠. 영화에서는 'Premature by two weeks.' 이 문장은 '2주나 일찍 태어났죠.'라는 뜻입니다. Premature, 정상보다 이른."
Adopt,"입양하다, 채택하다","Adopt... Adopt... 이 표현은 동사로 '입양하다' 또는 '채택하다'라는 뜻입니다. '~쪽으로'를 뜻하는 'ad-'와 '선택하다'라는 뜻의 라틴어 'optare'가 만났어요. 내 쪽으로 끌어들여 선택한다는 뜻에서 아이를 입양하거나 의견을 받아들일 때 씁니다. 영화에서는 'I believe Truman is the first child to have been legally adopted by a corporation.' 이 문장은 '참고로 트루먼은 법적으로 기업에 입양된 최초의 아이입니다.'라는 뜻입니다. Adopt, 입양하다."
Equivalent,"맞먹는, 동등한","Equivalent... Equivalent... 이 표현은 형용사로 '맞먹는' 또는 '동등한'이라는 뜻입니다. '같은'을 뜻하는 'equi-'와 '가치 있는'을 뜻하는 'valent'가 합쳐졌어요. 가치나 양이 똑같다는 뜻을 가진 아주 고급스러운 단어랍니다. 영화에서는 'The show has generated enormous revenues, now equivalent to the gross national product of a small country.' 이 문장은 '이 쇼는 막대한 수익을 창출하고 있습니다. 작은 나라의 국민총생산과 맞먹는 수준이죠.'라는 뜻입니다. Equivalent, 맞먹는."
Staggering,"어마어마한, 충격적인","Staggering... Staggering... 이 표현은 형용사로 '어마어마한' 또는 '충격적인'이라는 뜻입니다. '비틀거리다'라는 뜻의 동사 'stagger'에서 왔어요. 숫자가 너무 크거나 믿기 힘들어서 듣는 순간 비틀거릴 정도라는 비유적인 표현입니다! 영화에서는 'All those staggering revenues are generated by product placement.' 이 문장은 '그 막대한 수익은 모두 간접 광고(PPL)로 충당합니다.'라는 뜻입니다. Staggering, 어마어마한."
Manipulator,"조종자, 속이는 사람","Manipulator... Manipulator... 이 표현은 명사로 '조종자' 또는 '속이는 사람'이라는 뜻입니다. '손'을 뜻하는 'mani(manus)'와 '채우다'라는 'ple'가 합쳐진 'manipulate(손으로 교묘하게 다루다)'에 사람을 뜻하는 접미사 '-or'가 붙었어요. 사람을 자기 손안에 두고 마음대로 주무르는 악당 같은 뉘앙스죠. 영화에서는 'You're a liar and a manipulator.' 이 문장은 '당신은 거짓말쟁이에 조종자야.'라는 뜻입니다. Manipulator, 조종자."
Melodramatically,"감상적으로, 연극조로","Melodramatically... Melodramatically... 이 표현은 부사로 '감상적으로' 또는 '과장되게'라는 뜻입니다. 노래를 뜻하는 'melo'와 연극을 뜻하는 'drama'가 합쳐진 'melodrama'에 부사형 접미사 '-tically'가 붙었어요. 막장 드라마 주인공처럼 지나치게 감정을 잡고 오버한다는 뜻이 담겨 있죠. 영화에서는 'Sylvia, as you announced so melodramatically to the world...' 이 문장은 '실비아, 전 세계에 그렇게 요란하게 떠들어댔지만...'이라는 뜻입니다. Melodramatically, 감상적으로."
Mockery,"조롱, 웃음거리","Mockery... Mockery... 이 표현은 명사로 '조롱' 또는 '웃음거리'라는 뜻입니다. '흉내 내며 놀리다'라는 뜻의 동사 'mock'에 명사를 만드는 접미사 '-ery'가 붙었어요. 진지하고 소중한 것을 우스꽝스러운 쇼로 전락시킬 때 쓰는 강렬한 단어입니다. 영화에서는 'What right do you have to take a baby and turn his life into some kind of mockery?' 이 문장은 '당신이 무슨 권리로 갓난아기를 데려다가 그 인생을 조롱거리로 만드는 거야?'라는 뜻입니다. Mockery, 조롱."
Conception,"잉태, 구상","Conception... Conception... 이 표현은 명사로 '잉태' 또는 '개념, 구상'이라는 뜻입니다. '함께'를 뜻하는 'con-'과 '잡다'를 뜻하는 'cept'가 만났어요. 생명이 뱃속에 처음 자리 잡는 '임신'이나 머릿속에 새로운 아이디어가 잡히는 '구상'을 모두 뜻하는 매력적인 단어입니다. 영화에서는 'I'm determined that television's first on-air conception will still take place.' 이 문장은 '방송 사상 최초의 생중계 잉태는 반드시 이루어질 겁니다.'라는 뜻입니다. Conception, 잉태."
Variable,"변수, 변할 수 있는","Variable... Variable... 이 표현은 명사로 '변수', 형용사로 '변할 수 있는'이라는 뜻입니다. '변하다'라는 동사 'vary'에 '~할 수 있는'이라는 접미사 '-able'이 결합했어요. 언제 어떻게 바뀔지 모르는 불확실한 요소를 수학이나 일상생활에서 모두 지칭하죠! 영화에서는 'See, this isn't about insurance. This is about the great variable: when will death occur?' 이 문장은 '이건 단순한 보험이 아닙니다. 언제 죽을지 모른다는 변수에 대한 거죠.'라는 뜻입니다. Variable, 변수."
Fragile,"깨지기 쉬운, 덧없는","Fragile... Fragile... 이 표현은 형용사로 '깨지기 쉬운' 또는 '덧없는'이라는 뜻입니다. '부수다, 깨다'라는 뜻의 라틴어 어근 'frag-'에서 유래했어요. 유리병처럼 약하고 쉽게 부서지는 인생의 연약함을 나타내기에 딱 어울리는 단어입니다. 영화에서는 'I guess what I'm saying is that life is fragile.' 이 문장은 '그러니까 제 말은 인생은 덧없다는 거죠.'라는 뜻입니다. Fragile, 깨지기 쉬운."
Reroute,경로를 변경하다,"Reroute... Reroute... 이 표현은 동사로 '경로를 변경하다'라는 뜻입니다. '다시'를 뜻하는 접두사 're-'와 '길, 노선'을 뜻하는 명사 'route'가 더해졌어요. 가던 길을 끊고 다른 길이나 화면으로 다시 연결하라는 직관적인 단어랍니다. 영화에서는 'I don't know what's going on. Reroute it back to me.' 이 문장은 '무슨 상황인지 모르겠네. 화면 이쪽으로 돌려.'라는 뜻입니다. Reroute, 경로를 변경하다."
Capsize,"전복시키다, 뒤집히다","Capsize... Capsize... 이 표현은 동사로 '전복시키다' 또는 '뒤집히다'라는 뜻입니다. 어원이 명확하진 않지만, '머리'를 뜻하는 'cap(caput)'이 아래로 곤두박질치는 모습을 묘사한 것으로 추정돼요. 배가 완전히 거꾸로 뒤집히는 긴박한 상황에서 주로 씁니다. 영화에서는 'Very close. Capsize him. Tip him over.' 이 문장은 '거의 다 왔어요. 뒤집어 버려. 전복시켜.'라는 뜻입니다. Capsize, 전복시키다."
Cease,"중단하다, 멈추다","Cease... Cease... 이 표현은 동사로 '중단하다' 또는 '멈추다'라는 뜻입니다. '물러나다, 양보하다'라는 뜻의 라틴어 'cedere'에서 왔어요. 진행되던 것을 완전히 끝내고 멈출 때 쓰는 격식 있는 단어입니다. 'Stop'보다 훨씬 묵직하고 공식적인 느낌을 주죠! 영화에서는 'Cease transmission. Ceasing transmission.' 이 문장은 '방송 종료해. 송출 중단합니다.'라는 뜻입니다. Cease, 중단하다."
Alternative,"대체의, 대안의","Alternative... Alternative... 이 표현은 형용사로 '대체의' 또는 명사로 '대안'이라는 뜻입니다. '다른(other)'을 뜻하는 라틴어 'alter'에서 유래했어요. A가 안 되면 B를 선택할 때 쓰는 아주 실용적인 단어랍니다. 영화에서는 ""If I die before I reach the summit, you'll use me as an alternative source of food."" 이 문장은 ""내가 정상에 오르기 전에 죽으면, 나를 대체 식량으로 써줘요.""라는 뜻입니다. Alternative, 대체의."
Doppelganger,"도플갱어, 똑같이 생긴 사람","Doppelganger... Doppelganger... 이 표현은 명사로 '도플갱어' 또는 '자신과 똑같이 생긴 사람'이라는 뜻입니다. 독일어로 '두 배, 이중'을 뜻하는 'doppel'과 '걷는 사람'을 뜻하는 'gänger'가 그대로 영어로 넘어온 재미있는 단어예요. 영화에서는 ""Doppelganger special."" 이 문장은 ""도플갱어 특별 할인이라고.""라는 뜻입니다. Doppelganger, 도플갱어."
Coma,혼수상태,"Coma... Coma... 이 표현은 명사로 '혼수상태'라는 뜻입니다. 그리스어로 '깊은 잠'을 뜻하는 'koma'에서 유래했어요. 의학 드라마나 뉴스에서 정말 자주 나오는 필수 어휘죠! 영화에서는 ""If he's in a coma, he's probably uninsurable."" 이 문장은 ""혼수상태라면 보험 가입이 어려울 수 있습니다.""라는 뜻입니다. Coma, 혼수상태."
Klutz,"칠칠맞은 사람, 얼간이","Klutz... Klutz... 이 표현은 명사로 '칠칠맞은 사람' 또는 '얼간이'라는 뜻입니다. 유대인들이 쓰는 이디시어에서 '나무토막(klots)'을 부르던 말인데, 행동이 뻣뻣하고 자꾸 물건을 떨어뜨리는 사람을 귀엽게(?) 놀릴 때 씁니다. 영화에서는 ""It's okay. I've just been such a klutz all day."" 이 문장은 ""괜찮아요. 제가 오늘 하루 종일 칠칠맞지 못했네요.""라는 뜻입니다. Klutz, 칠칠맞은 사람."
Sprain,"삐다, 접질리다","Sprain... Sprain... 이 표현은 동사로 '(발목이나 손목을) 삐다'라는 뜻입니다. '밖으로 짜내다'라는 뜻의 라틴어 'exprimere'에서 유래했는데, 관절이 원래 위치에서 벗어나 꽉 눌리는 고통을 상상하시면 외우기 쉽습니다. 영화에서는 ""Sprained this ankle. Oh, my goodness."" 이 문장은 ""발목을 삐었나 봐요. 세상에.""라는 뜻입니다. Sprain, 삐다."
Schizophrenia,"조현병, 정신분열증","Schizophrenia... Schizophrenia... 이 표현은 명사로 '조현병'이라는 뜻입니다. '갈라지다'를 뜻하는 그리스어 'schizo-'와 '마음, 정신'을 뜻하는 'phren'이 합쳐진 전문 의학 용어예요. 영화에서는 ""Schizophrenia. She has episodes. We've tried everything."" 이 문장은 ""조현병이야. 가끔 발작을 하지. 우린 안 해본 게 없어.""라는 뜻입니다. Schizophrenia, 조현병."
Hypnotism,최면술,"Hypnotism... Hypnotism... 이 표현은 명사로 '최면술'이라는 뜻입니다. 그리스 신화에 나오는 잠의 신 '히프노스(Hypnos)'의 이름에서 유래했어요. 잠에 빠진 것처럼 사람의 의식을 조종하는 기술이죠. 영화에서는 ""Hypnotism, shock therapy. Don't worry. Truman!"" 이 문장은 ""최면술, 충격 요법까지. 걱정 말게. 트루먼!""이라는 뜻입니다. Hypnotism, 최면술."
Trespass,무단침입하다,"Trespass... Trespass... 이 표현은 동사로 '무단침입하다'라는 뜻입니다. '넘어서'를 뜻하는 프랑스어 'tres(trans)'와 '지나가다'를 뜻하는 'passer(pass)'가 합쳐졌어요. 남의 선을 허락 없이 훌쩍 넘어가는 행동이죠. 영화에서는 ""If you don't tell me what's happening, I'll report you! You're trespassing."" 이 문장은 ""무슨 일인지 말 안 하면 신고할 거야! 당신 무단 침입이야.""라는 뜻입니다. Trespass, 무단침입하다."
Predict,"예측하다, 예언하다","Predict... Predict... 이 표현은 동사로 '예측하다' 또는 '예언하다'라는 뜻입니다. '미리(앞서)'를 뜻하는 접두사 'pre-'와 '말하다'를 뜻하는 어근 'dict'가 완벽하게 결합된 단어입니다. 일이 일어나기 전에 미리 말한다는 뜻이죠! 영화에서는 ""I predict that in just a moment, we will see a lady on a red bike..."" 이 문장은 ""이제 곧 빨간 자전거를 탄 여자가 지나가고... 라고 예언하지.""라는 뜻입니다. Predict, 예측하다."
Dent,"움푹 들어가게 하다, 찌그러뜨리다","Dent... Dent... 이 표현은 동사로 '움푹 들어가게 하다', 명사로 '움푹 파인 곳'이라는 뜻입니다. 무언가를 세게 때렸을 때 나는 소리나 타격을 의미하는 'dint'에서 변형된 단어로, 차 사고 났을 때 가장 많이 쓰는 단어예요. 영화에서는 ""...and a Volkswagen Beetle with a dented fender."" 이 문장은 ""...그리고 펜더가 찌그러진 폭스바겐 비틀이 지나갈 거라고 (예언하지).""라는 뜻입니다. Dent, 움푹 들어가게 하다."
Evacuate,"대피시키다, 비우다","Evacuate... Evacuate... 이 표현은 동사로 '대피시키다' 또는 '비우다'라는 뜻입니다. '밖으로'를 뜻하는 'e(ex)-'와 '비어있는'을 뜻하는 'vacua(vacuum과 같은 어원)'가 결합했어요. 위험한 장소에서 사람들을 밖으로 빼내 텅 비게 만드는 것이죠. 영화에서는 ""Whole area's being evacuated."" 이 문장은 ""전 지역 대피 중입니다.""라는 뜻입니다. Evacuate, 대피시키다."
Custody,"유치, 구금, 양육권","Custody... Custody... 이 표현은 명사로 '유치, 구금' 또는 '보호, 양육권'이라는 뜻입니다. '경비병, 지키는 사람'을 뜻하는 라틴어 'custos'에서 유래했어요. 경찰이 범인을 지키고 있으면 '구금'이고, 부모가 아이를 지키면 '양육권'이 되는 마법 같은 단어입니다. 영화에서는 ""...now in custody."" 이 문장은 ""...방금 체포되었습니다(유치장에 갇혔습니다).""라는 뜻입니다. Custody, 유치/구금."
Artificial,"인공적인, 인위적인","Artificial... Artificial... 이 표현은 형용사로 '인공적인' 또는 '인위적인'이라는 뜻입니다. '기술, 기교'를 뜻하는 'arti(art)'와 '만들다'를 뜻하는 'fic'이 합쳐졌어요. 자연 그대로가 아니라 사람의 기술로 만들어냈다는 뜻이죠. AI(Artificial Intelligence)의 그 A가 바로 이겁니다! 영화에서는 ""No artificial sweeteners."" 이 문장은 ""인공 감미료는 전혀 안 들어갔어.""라는 뜻입니다. Artificial, 인공적인."
Breakdown,"쇠약, 고장, 붕괴","Breakdown... Breakdown... 이 표현은 명사로 '쇠약', '고장' 또는 '붕괴'라는 뜻입니다. '부서지다(break)'와 '아래로(down)'가 합쳐져서, 기계가 완전히 주저앉아 고장 나거나 사람의 정신이 무너져 내리는 상태를 생생하게 표현합니다. 영화에서는 ""You're having a nervous breakdown, that's what's happening."" 이 문장은 ""당신 신경쇠약에 걸린 거야, 그게 무슨 일인지 알아?""라는 뜻입니다. Breakdown, 쇠약/고장."
Pneumonia,폐렴,"Pneumonia... Pneumonia... 이 표현은 명사로 '폐렴'이라는 뜻입니다. 그리스어로 '폐, 호흡'을 뜻하는 'pneumon'에 질병을 나타내는 접미사 '-ia'가 붙었어요. 철자 앞에 있는 'P'는 묵음이라 발음하지 않는다는 점, 꼭 기억하세요! (뉴모니아) 영화에서는 ""And I got pneumonia? You remember that?"" 이 문장은 ""그리고 나 폐렴 걸렸었잖아. 기억나?""라는 뜻입니다. Pneumonia, 폐렴."
Intricate,"복잡한, 얽힌","Intricate... Intricate... 이 표현은 형용사로 '복잡한' 또는 '얽힌'이라는 뜻입니다. '안에(in)'와 '수수께끼, 얽힘'을 뜻하는 라틴어 'tricae'가 만났어요. 실타래가 안에서 꽁꽁 얽혀서 풀기 어려운 아주 정교하고 복잡한 상태를 말해요. 영화에서는 ""An entire human life recorded on an intricate network of hidden cameras..."" 이 문장은 ""한 인간의 일생이 정교하게(복잡하게) 숨겨진 카메라 네트워크에 기록되고...""라는 뜻입니다. Intricate, 복잡한."
Exclusive,"독점적인, 배타적인","Exclusive... Exclusive... 이 표현은 형용사로 '독점적인' 또는 '배타적인'이라는 뜻입니다. '밖으로'를 뜻하는 'ex-'와 '닫다'를 뜻하는 'clus(close)'가 합쳐졌어요. 남들은 다 밖으로 내쫓고 문을 닫아버린, 오직 나만을 위한 특별한 것이라는 뜻이죠. 영화에서는 ""A rare and exclusive interview with the show's conceiver..."" 이 문장은 ""오늘은 이 쇼를 기획하고 만든 창시자와의 독점 인터뷰를 준비했습니다.""라는 뜻입니다. Exclusive, 독점적인."
Reminisce,"추억하다, 회상하다","Reminisce... Reminisce... 이 표현은 동사로 '추억하다' 또는 '회상하다'라는 뜻입니다. '다시'를 뜻하는 're-'와 '마음, 기억'을 뜻하는 라틴어 어근 'minis(mind)'가 합쳐졌어요. 지나간 아름다운 기억을 다시 마음속으로 불러오는 낭만적인 단어랍니다. 영화에서는 ""I love to reminisce with former members of the cast."" 이 문장은 ""예전 출연자랑 추억을 나누는 건 즐거운 일이죠.""라는 뜻입니다. Reminisce, 추억하다."
Obstruction,"방해물, 장애물","Obstruction... Obstruction... 이 표현은 명사로 '방해물'이라는 뜻입니다. '~에 맞서, 거슬러'를 뜻하는 'ob-'와 '세우다, 짓다'를 뜻하는 'struct(build)'가 합쳐졌어요. 가는 길을 떡하니 막아 세워놓은 구조물을 생각하면 이해가 쏙쏙 되실 거예요. 영화에서는 ""It's an obstruction. What happened down there?"" 이 문장은 ""가려서 안 보여요(장애물이에요). 무슨 일이야?""라는 뜻입니다. Obstruction, 방해물."
Deceit,"기만, 속임수","Deceit... Deceit... 이 표현은 명사로 '기만' 또는 '속임수'라는 뜻입니다. '아래로'를 뜻하는 'de-'와 '잡다'를 뜻하는 'ceit(capere)'가 합쳐졌어요. 누군가를 함정 아래로 떨어뜨려 꽉 잡는다는 무서운 뜻에서 '속임수'라는 의미가 나왔습니다. 영화에서는 ""The same lies, the same deceit."" 이 문장은 ""똑같은 거짓말과 속임수가 판치지.""라는 뜻입니다. Deceit, 기만."
단어,일반적인 뜻,단어설명
Caboodle,"무리, 짐짝","Caboodle... Caboodle... 이 표현은 명사로 '무리' 또는 '짐짝'이라는 뜻입니다. 주로 'the whole kit and caboodle'이라는 숙어로 쓰이는데, '전부, 몽땅'이라는 뜻이에요. 옛날 영국에서 군인들의 장비(kit)와 오두막(boodle)을 합쳐 부르던 재미있는 표현에서 유래했습니다. 영화에서는 'That's the whole kit and caboodle. Catch you later.' 이 문장은 '이게 전부예요. 나중에 봐요.'라는 뜻입니다. Caboodle, 무리."
Shed,"떨어뜨리다, 흘리다","Shed... Shed... 이 표현은 동사로 '떨어뜨리다' 또는 '흘리다'라는 뜻입니다. (명사로는 '창고'라는 뜻도 있어요) 고대 영어 'sceadan'에서 유래했는데, '나누다, 분리하다'라는 의미를 담고 있어요. 뱀이 허물을 벗거나 나무가 잎을 떨어뜨릴 때, 혹은 눈물을 흘릴 때 등 무언가를 몸에서 떨어뜨려 낼 때 씁니다. 영화에서는 'An aircraft in trouble began shedding parts...' 이 문장은 '항공기에 문제가 생겨 부품이 떨어져 나갔습니다...'라는 뜻입니다. Shed, 떨어뜨리다."
Anxious,"불안해하는, 열망하는","Anxious... Anxious... 이 표현은 형용사로 '불안해하는' 또는 '열망하는'이라는 뜻입니다. 라틴어로 '목을 조르다, 질식시키다'라는 뜻의 'angere'에서 파생되었어요. 마음이 답답하고 조마조마한 상태, 또는 무언가를 너무 원해서 애가 타는 마음을 표현할 때 씁니다. 영화에서는 'I'm not that anxious to get there.' 이 문장은 '그렇게 급하지(빨리 가고 싶어 안달 나지) 않거든요.'라는 뜻입니다. Anxious, 불안해하는/열망하는."
Grater,강판,"Grater... Grater... 이 표현은 명사로 '강판'이라는 뜻입니다. '긁다, 문지르다'라는 뜻의 동사 'grate'에 도구를 뜻하는 접미사 '-er'이 붙었어요. 치즈나 당근을 득득 긁어서 잘게 부수는 부엌의 필수 아이템이죠! 영화에서는 'It's a dicer, grater, peeler, all in one.' 이 문장은 '다지기, 강판, 껍질 벗기기가 하나로 된 거예요.'라는 뜻입니다. Grater, 강판."
Stock,"채워 넣다, 비축하다","Stock... Stock... 이 표현은 동사로 '채워 넣다' 또는 '비축하다'라는 뜻입니다. (명사로는 재고, 주식이라는 뜻도 있어요) 고대 영어로 '나무 줄기'를 뜻하는 단어에서 왔는데, 상점의 뼈대가 되는 기본 물품들을 단단하게 채워 넣는다는 의미로 발전했습니다. 영화에서는 'You should try stocking vending machines for a living.' 이 문장은 '너도 먹고살려고 자판기 채우는 일 한번 해봐야 해.'라는 뜻입니다. Stock, 채워 넣다."
Explore,"탐험하다, 탐구하다","Explore... Explore... 이 표현은 동사로 '탐험하다' 또는 '탐구하다'라는 뜻입니다. '밖으로'를 뜻하는 'ex-'와 '소리치다, 울다'를 뜻하는 라틴어 'plorare'가 합쳐졌어요. 옛날 사냥꾼들이 숲 밖으로 짐승을 몰아내기 위해 소리치며 찾아다니던 모습에서 유래한 흥미로운 단어입니다! 영화에서는 'See some of the world, explore.' 이 문장은 '세상 구경도 좀 하고, 탐험도 하고.'라는 뜻입니다. Explore, 탐험하다."
Insane,"미친, 정신 이상의","Insane... Insane... 이 표현은 형용사로 '미친' 또는 '정신 이상의'라는 뜻입니다. '부정(not)'을 뜻하는 접두사 'in-'과 '건강한'을 뜻하는 라틴어 'sanus'가 만났어요. 정신이 건강하지 않다는, 즉 미쳤다는 뜻이 되죠. '제정신이 아닌' 상황을 강조할 때 자주 씁니다. 영화에서는 'It doesn't sound insane at all, Truman.' 이 문장은 '전혀 미친 소리 같지 않아, 트루먼.'이라는 뜻입니다. Insane, 미친."
Blame,"탓하다, 비난하다","Blame... Blame... 이 표현은 동사로 '탓하다' 또는 '비난하다'라는 뜻입니다. 그리스어로 '불경스러운 말을 하다'라는 뜻의 'blasphemein'에서 유래했어요. 누군가에게 잘못을 돌리며 나쁘게 말하는 것을 뜻하죠. 영화에서는 'But I've never blamed you, Truman...' 이 문장은 '하지만 난 널 탓한 적 없다, 트루먼...'이라는 뜻입니다. Blame, 탓하다."
Enduring,"오래가는, 지속되는","Enduring... Enduring... 이 표현은 형용사로 '오래가는' 또는 '지속되는'이라는 뜻입니다. '~안에'를 뜻하는 'en-'과 '단단한'을 뜻하는 라틴어 'durus'가 합쳐진 동사 'endure(견디다)'에 '-ing'가 붙었어요. 단단하게 오래오래 버틴다는 뜻입니다. 영화에서는 'Tonight, we present the enduring, much-loved classic...' 이 문장은 '오늘 밤엔 오랫동안 사랑받아온 고전... 을 보내드립니다.'라는 뜻입니다. Enduring, 오래가는."
Redemption,"구원, 속죄","Redemption... Redemption... 이 표현은 명사로 '구원' 또는 '속죄'라는 뜻입니다. '다시'를 뜻하는 're-'와 '사다(buy)'를 뜻하는 라틴어 'emere'가 합쳐졌어요. 빚이나 죄악에서 값을 치르고 다시 사들여서 구해낸다는 의미가 담긴 아주 심오하고 아름다운 단어입니다. 영화에서는 'Full of laughter and love, pain and sadness, but ultimately redemption...' 이 문장은 '웃음과 사랑, 고통과 슬픔, 그리고 마침내 구원까지...'라는 뜻입니다. Redemption, 구원."
Tribulation,"고난, 시련","Tribulation... Tribulation... 이 표현은 명사로 '고난' 또는 '시련'이라는 뜻입니다. 로마 시대에 곡식을 빻을 때 쓰던 널빤지인 'tribulum'에서 유래했어요. 곡식을 짓이기듯 사람을 짓누르는 고통스러운 시련을 비유적으로 표현한 단어랍니다. 주로 'trials and tribulations'로 세트처럼 묶여서 자주 쓰여요. 영화에서는 '...we share the trials and tribulations of the Abbott family.' 이 문장은 '...애보트 가족의 희로애락(시련과 고난)을 함께 하세요.'라는 뜻입니다. Tribulation, 고난."
Plummet,"곤두박질치다, 급락하다","Plummet... Plummet... 이 표현은 동사로 '곤두박질치다' 또는 '급락하다'라는 뜻입니다. '납(lead)'을 뜻하는 라틴어 'plumbum'에서 왔어요. 무거운 납추가 중력을 이기지 못하고 아래로 훅 떨어지는 아찔한 모습을 상상해 보세요! 영화에서는 'This elevator, it just plummeted down 10 flights..' 이 문장은 '엘리베이터가 10층 아래로 추락했대.'라는 뜻입니다. Plummet, 곤두박질치다."
Amputation,"절단, 절단 수술","Amputation... Amputation... 이 표현은 명사로 '절단' 또는 '절단 수술'이라는 뜻입니다. '둘레에'를 뜻하는 'ambi-'와 '자르다'를 뜻하는 라틴어 'putare'가 결합했어요. 의학 용어로 신체의 일부를 둥글게 잘라내는 외과 수술을 뜻합니다. 영화에서는 'Anyway, I have an amputation on one of the young women...' 이 문장은 '아무튼, 그 엘리베이터에 탔던 젊은 여자 환자 절단 수술이 있어.'라는 뜻입니다. Amputation, 절단."
Arrangement,"준비, 마련, 합의","Arrangement... Arrangement... 이 표현은 명사로 '준비', '마련' 또는 '합의'라는 뜻입니다. '~쪽으로'를 뜻하는 'a(ad)-'와 '줄을 세우다'를 뜻하는 고대 프랑스어 'rangier'가 만났어요. 어떤 일을 위해 차곡차곡 줄을 세워 정리하고 꼼꼼히 준비해 둔다는 뜻입니다. 영화에서는 'It doesn't matter. I'll make other arrangements, okay?' 이 문장은 '됐어요. 다른 방법을 찾아보죠(준비해 보죠).'라는 뜻입니다. Arrangement, 준비."
Frenzy,"광분, 열광","Frenzy... Frenzy... 이 표현은 명사로 '광분' 또는 '열광'이라는 뜻입니다. '마음, 정신'을 뜻하는 그리스어 'phren'에서 유래했어요. 정신이 나갈 정도로 흥분하거나 광기에 휩싸인 상태를 말합니다. 미디어가 미쳐 날뛰는 'feeding frenzy'라는 표현으로 특히 많이 쓰여요! 영화에서는 'The media is having a feeding frenzy over this.' 이 문장은 '언론이 아주 난리가 났다고요.'라는 뜻입니다. Frenzy, 광분."
Pirate,"불법 복제하다, 저작권을 침해하다","Pirate... Pirate... 이 표현은 동사로 '불법 복제하다' 또는 명사로 '해적'이라는 뜻입니다. '시도하다, 공격하다'를 뜻하는 그리스어 'peiran'에서 왔어요. 바다에서 남의 배를 공격하던 '해적'이라는 뜻에서, 현대에는 남의 방송이나 창작물을 몰래 훔쳐 쓰는 행위로 의미가 넓어졌죠. 영화에서는 '...every network has a pirated shot of Marlon...' 이 문장은 '...방송국마다 말론이 바보짓 하는 불법 복제 화면을 내보내고 있어요...'라는 뜻입니다. Pirate, 불법 복제하다/해적."
Proclaim,"선언하다, 공포하다","Proclaim... Proclaim... 이 표현은 동사로 '선언하다' 또는 '공포하다'라는 뜻입니다. '앞으로'를 뜻하는 'pro-'와 '외치다'를 뜻하는 라틴어 'clamare'가 만났어요. 사람들 앞에 당당하게 나서서 큰 소리로 외치며 발표한다는 뜻입니다. 영화에서는 'I hereby proclaim this planet... Trumania...' 이 문장은 '나는 이 행성을... 트루매니아로 명명하노라(선언하노라).'라는 뜻 뜻입니다. Proclaim, 선언하다."
Graphic,"그래픽, 정지 화상","Graphic... Graphic... 이 표현은 명사로 '그래픽, 그림', 형용사로는 '생생한'이라는 뜻입니다. '그리다, 쓰다'를 뜻하는 그리스어 'graphein'에서 유래했어요. 글이나 그림으로 눈앞에 생생하게 그려내는 것을 의미하죠. 영화나 방송에서는 화면에 띄우는 '정지 화상'이나 이미지를 뜻합니다. 영화에서는 'We're getting higher ratings with this graphic than we've ever had...' 이 문장은 '이 정지 화면(그래픽)으로 역대 최고 시청률을 찍고 있는데.'라는 뜻입니다. Graphic, 그래픽/그림."
Sponsor,"광고주, 후원자","Sponsor... Sponsor... 이 표현은 명사로 '광고주' 또는 '후원자'라는 뜻입니다. '엄숙하게 약속하다'라는 뜻의 라틴어 'spondere'에서 왔어요. 누군가를 지지하고 경제적으로 든든하게 뒷받침해주겠다고 공식적으로 맹세하고 약속한 사람이나 기업을 뜻하죠. 영화에서는 'The sponsors are threatening to rip up their contracts.' 이 문장은 '광고주들이 계약 파기하겠다고 난리입니다.'라는 뜻입니다. Sponsor, 광고주."
Transmission,"전송, 송출","Transmission... Transmission... 이 표현은 명사로 '전송' 또는 '송출'이라는 뜻입니다. '가로질러'를 뜻하는 'trans-'와 '보내다'를 뜻하는 라틴어 'mittere(mission)'가 합쳐졌어요. 전파나 신호를 이쪽에서 저쪽으로 쏘아 보낸다는 뜻으로, 방송국 통제실에서 아주 많이 쓰는 단어입니다. 영화에서는 'Increase the wind. Resume transmission.' 이 문장은 '바람 더 키워. 방송 재개해(송출 재개해).'라는 뜻입니다. Transmission, 전송/송출."
Cue,"신호, 큐 사인","Cue... Cue... 이 표현은 명사로 '신호' 또는 '큐 사인'이라는 뜻입니다. (연극이나 방송에서) 언제 무엇을 해야 할지 알려주는 단서를 의미하며, 라틴어 'quando(when)'를 줄여 쓴 알파벳 Q에서 유래했다는 흥미로운 설이 있습니다. 영화에서는 'No scripts, no cue cards.' 이 문장은 '대본도 없고, 큐 카드도 없습니다.'라는 뜻입니다. Cue, 신호."
Directory,"안내 책자, 전화번호부","Directory... Directory... 이 표현은 명사로 '안내 책자' 또는 '전화번호부'라는 뜻입니다. '올바른 길로 이끌다'라는 뜻의 라틴어 'dirigere'에서 왔어요. 사람들의 이름이나 연락처를 길라잡이처럼 쫙 정리해 둔 목록을 뜻합니다. 영화에서는 'Could I have directory assistance for Fiji, please?' 이 문장은 '피지 전화번호 안내 좀 받을 수 있을까요?'라는 뜻입니다. Directory, 안내 책자."
Haul,"운반하다, 무거운 것을 끌다","Haul... Haul... 이 표현은 동사로 '운반하다' 또는 '무거운 것을 끌다'라는 뜻입니다. 고대 프랑스어 'haler(끌어당기다)'에서 유래했어요. 닭이나 무거운 짐을 트럭 같은 곳에 싣고 낑낑대며 옮기는 수고로운 모습을 묘사할 때 딱 맞는 단어죠. 영화에서는 'When you were hauling chickens in the summer for Kaiser...' 이 문장은 '여름에 카이저네 닭 배달할(운반할) 때...'라는 뜻입니다. Haul, 운반하다."
Reunite,"재회하다, 다시 만나다","Reunite... Reunite... 이 표현은 동사로 '재회하다' 또는 '다시 만나다'라는 뜻입니다. '다시'를 뜻하는 're-'와 '하나로 합치다'를 뜻하는 'unite'가 만났어요. 오랫동안 헤어져 있던 사람들이 다시 하나의 그룹으로 뭉친다는 훈훈한 뜻입니다. 영화에서는 'And there'll be tears, too, when David and Jennifer are reunited.' 이 문장은 '데이비드와 제니퍼가 재회할 땐 눈물도 쏟게 되실 겁니다.'라는 뜻입니다. Reunite, 재회하다."
Snap,"끊어지다, 탁 부러지다","Snap... Snap... 이 표현은 동사로 '끊어지다' 또는 '탁 부러지다'라는 뜻입니다. 개가 날카롭게 이빨을 '탁' 부딪치며 무는 소리를 흉내 낸 의성어에서 유래했어요. 밧줄이나 끈이 팽팽하다가 툭 하고 단숨에 끊어질 때 아주 자주 쓰는 생생한 표현입니다. 영화에서는 'This cable just snapped.' 이 문장은 '케이블이 끊어져서(탁 끊어져서)...'라는 뜻입니다. Snap, 끊어지다."
Slip away,"사라지다, 빠져나가다","Slip away... Slip away... 이 표현은 구동사로 '사라지다' 또는 '살며시 빠져나가다'라는 뜻입니다. '미끄러지다'는 뜻의 'slip'과 '멀리'라는 뜻의 'away'가 합쳐져서, 기회나 시간, 혹은 소중한 무언가가 손가락 사이로 스르륵 빠져나가는 안타까운 상황을 묘사합니다. 영화에서는 'I know that feeling, when it's like everything's slipping away...' 이 문장은 '그 기분 알아. 모든 게 손에서 빠져나가는 것 같은데...'라는 뜻입니다. Slip away, 사라지다."
Vital,"생명에 필수적인, 활력 있는","Vital... Vital... 이 표현은 형용사로 '생명에 필수적인' 또는 '활력 있는'이라는 뜻입니다. '생명'을 뜻하는 라틴어 'vita'에서 왔어요. 병원에서 환자의 맥박이나 호흡 같은 핵심적인 생명 징후를 'vital signs(바이탈 사인)'라고 부르죠! 영화에서는 'Vital signs are good.' 이 문장은 '건강 상태(생명 징후) 양호하군.'이라는 뜻입니다. Vital, 생명에 필수적인."
Tidy,"정돈하다, 깔끔한","Tidy... Tidy... 이 표현은 동사로 '정돈하다' (형용사로는 '깔끔한')라는 뜻입니다. '시간, 계절'을 뜻하는 옛날 영어 'tide'에서 유래했어요. 제때제때 때맞춰서 물건들을 제자리에 잘 정리해 두는 부지런하고 깔끔한 모습을 나타냅니다. 영화에서는 'He was just tidying up his garbage.' 이 문장은 '그냥 쓰레기 치우고(정돈하고) 있었어요.'라는 뜻입니다. Tidy, 정돈하다."
Enhance,"향상시키다, 높이다","Enhance... Enhance... 이 표현은 동사로 '향상시키다' 또는 '(가치나 화질을) 높이다'라는 뜻입니다. '높게 하다'라는 뜻의 고대 프랑스어 'enhaucier'에서 유래했어요. 흐릿한 CCTV 화면의 화질을 끌어올리거나, 제품의 질을 더 좋게 업그레이드할 때 주로 사용합니다. 영화에서는 'Under the chair there. Enhance it.' 이 문장은 '의자 밑에. 확대해(화질을 높여봐).'라는 뜻입니다. Enhance, 향상시키다."
Fuss,"호들갑, 소란","Fuss... Fuss... 이 표현은 명사로 '호들갑' 또는 '소란'이라는 뜻입니다. 별일 아닌 것에 콧바람을 쉭쉭 불며 안달복달하는 소리를 흉내 낸 단어로 추측됩니다. 원어민들이 일상회화에서 정말 자주 쓰는 단어예요! 영화에서는 'All this fuss.' 이 문장은 '이 난리를 치다니(호들갑이라니).'라는 뜻입니다. Fuss, 호들갑."
Circulate,"순환하다, 소문이 돌다","Circulate... Circulate... 이 표현은 동사로 '순환하다' 또는 '소문이 돌다'라는 뜻입니다. '원(circle)'을 뜻하는 라틴어 'circulus'에서 왔어요. 피가 온몸을 돌거나 서류, 혹은 뜬소문이 사람들 사이를 빙빙 도는 모습을 상상하면 금방 외워집니다. 영화에서는 'Did you know there's a rumor circulating that he's dead?' 이 문장은 '트루먼이 죽었다는 소문이 도는 거 아세요?'라는 뜻입니다. Circulate, 순환하다."
Buoy,부표,"Buoy... Buoy... 이 표현은 명사로 '부표'라는 뜻입니다. 쇠사슬에 묶여 물 위에 떠 있도록 만든 표지판이나 통을 뜻하는 네덜란드어 'boei'에서 유래했습니다. 물 위에 둥둥 떠서 위험을 알리거나 길을 안내하는 바로 그 장비죠. 영화에서는 'All buoy cams, please.' 이 문장은 '부표 카메라도 띄워 봐.'라는 뜻입니다. Buoy, 부표."
Inspiration,"영감, 자극","Inspiration... Inspiration... 이 표현은 명사로 '영감' 또는 '자극'이라는 뜻입니다. '안으로(in)'와 '숨을 쉬다(spirare)'가 만났어요. 신이 인간의 마음속에 창조적인 숨결을 훅 불어넣어 번뜩이는 아이디어가 떠오르는 아름다운 순간을 의미합니다. 영화에서는 'I am the creator of a television show that gives hope and joy and inspiration to millions.' 이 문장은 '나는 수백만 명에게 희망과 기쁨, 영감을 주는 TV 쇼를 만든 사람이다.'라는 뜻입니다. Inspiration, 영감."
Broadcast,방송하다,"Broadcast... Broadcast... 이 표현은 동사로 '방송하다' 또는 '널리 알리다'라는 뜻입니다. '넓게(broad)'와 '씨를 뿌리다(cast)'가 결합된 단어입니다. 옛날 농부들이 씨앗을 넓게 흩뿌리던 모습에서, 지금은 전파를 사방으로 쫙 뿌려 방송한다는 뜻으로 진화했죠! 영화에서는 'An entire human life recorded on an intricate network of hidden cameras and broadcast live...' 이 문장은 '한 인간의 일생이 정교하게 숨겨진 카메라 네트워크에 기록되고 생중계되어...'라는 뜻입니다. Broadcast, 방송하다."
Brewski,맥주 (속어),"Brewski... Brewski... 이 표현은 명사로 '맥주'를 뜻하는 미국식 구어체 속어(슬랭)입니다. 맥주를 양조하다는 뜻의 'brew'에 슬라브어나 동유럽계 성씨에 자주 붙는 '-ski'를 장난스럽게 붙인 단어예요. 원어민 친구들끼리 ""맥주 한잔하자!"" 할 때 쓰는 아주 찰진 표현입니다. 영화에서는 'Come on, Truman, one ice cold brewski.' 이 문장은 '이봐 트루먼, 시원한 맥주 한잔하러 가자.'라는 뜻입니다. Brewski, 맥주."
Episode,"(방송의) 1회분, 발작","Episode... Episode... 이 표현은 명사로 '방송의 1회분' 또는 의학 용어로 '(병의) 발작'이라는 뜻입니다. 고대 그리스 연극에서 합창과 합창 사이에 배우가 나와 연기하는 '삽입부'에서 유래했어요. 트루먼 쇼의 한 회차도, 실비아의 조현병 증상이 나타나는 한 번의 발작도 모두 에피소드라고 표현합니다. 영화에서는 'Schizophrenia. She has episodes.' 이 문장은 '조현병이야. 가끔 발작을 하지.'라는 뜻입니다. Episode, (방송의) 1회분 / 발작."
Paradise,"낙원, 천국","Paradise... Paradise... 이 표현은 명사로 '낙원' 또는 '천국'이라는 뜻입니다. 고대 이란어에서 '담장으로 둘러싸인 정원'을 뜻하던 단어에서 유래했어요. 바깥세상의 위험으로부터 완벽하게 닫혀 보호받는 아름다운 천국을 상상하면 됩니다. 영화에서는 'And it's another beautiful day in paradise, folks...' 이 문장은 '청취자 여러분, 낙원 같은 이곳은 오늘도 아름다운 날입니다...'라는 뜻입니다. Paradise, 낙원."
Remodel,"개조하다, 리모델링하다","Remodel... Remodel... 이 표현은 동사로 '개조하다' 또는 '리모델링하다'라는 뜻입니다. '다시(re)'와 '형태를 만들다(model)'가 만났어요. 건물이나 구조를 부수고 새로운 형태로 싹 뜯어고친다는 아주 직관적인 뜻이죠. 영화에서는 'Got to go, sir. We're remodeling.' 이 문장은 '가셔야 합니다, 선생님. 리모델링 중이에요(개조 중이에요).'라는 뜻입니다. Remodel, 개조하다."
Alert,"경보, 경계하는","Alert... Alert... 이 표현은 명사로 '경보' (형용사로는 '경계하는')라는 뜻입니다. 이탈리아어 'all'erta(망루에 올라가서)'에서 유래했어요. 높은 망루에서 적이 오나 안 오나 정신을 바짝 차리고 지켜보다가 사람들에게 다급하게 알리는 상황을 뜻합니다. 영화에서는 'This is a red alert.' 이 문장은 '적색경보입니다.'라는 뜻입니다. Alert, 경보."
Rating,"시청률, 평점","Rating... Rating... 이 표현은 명사로 '시청률' 또는 '평점'이라는 뜻입니다. '평가하다'라는 동사 'rate'에서 왔어요. 방송국에서 이 프로그램이 얼마나 가치 있는지 시청자 수를 기준으로 점수를 매기는 것이 바로 시청률이죠. 영화에서는 'We're getting higher ratings with this graphic...' 이 문장은 '이 정지 화면으로 역대 최고 시청률을 찍고 있는데.'라는 뜻입니다. Rating, 시청률."
Blessed,축복받은,"Blessed... Blessed... 이 표현은 형용사로 '축복받은'이라는 뜻입니다. '피를 흘리다, 신성하게 하다'라는 뜻의 고대 영어 'bletsian'에서 유래했어요. 과거 종교적인 의식에서 제단의 피를 뿌려 신성하게 만들던 관습에서 지금의 '축복'이라는 의미로 부드럽게 변했습니다. 영화에서는 ""It is a truly blessed life."" 이 문장은 ""정말 축복받은 삶입니다.""라는 뜻입니다. Blessed, 축복받은."
Gross,"역겨운, 징그러운","Gross... Gross... 이 표현은 형용사로 '역겨운' 또는 '징그러운'이라는 뜻입니다. (명사로 총수익을 뜻하기도 해요!) '두꺼운, 굵은'을 뜻하는 라틴어 'grossus'에서 유래했는데, 정도가 너무 과하거나 노골적이어서 불쾌감을 준다는 뜻으로 발전해 일상회화에서 리액션으로 정말 자주 쓰여요. 영화에서는 ""Gross."" 이 문장은 ""역겨워.""라는 뜻입니다. Gross, 역겨운."
The whole ball of wax,"전부, 모든 것","The whole ball of wax... The whole ball of wax... 이 표현은 숙어로 '전부' 또는 '모든 것'이라는 뜻입니다. 17세기 영국에서 재산을 상속할 때 밀랍(wax)으로 뭉친 공 안에 이름이 적힌 종이를 넣어 제비뽑기를 하던 관습에서 유래했다는 재미있는 설이 있어요. 모든 것이 그 공 안에 다 있다는 뜻이죠! 영화에서는 ""That's the whole ball of wax."" 이 문장은 ""이게 몽땅 다야(전부예요).""라는 뜻입니다. The whole ball of wax, 전부."
Uninsurable,보험에 가입할 수 없는,"Uninsurable... Uninsurable... 이 표현은 형용사로 '보험에 가입할 수 없는'이라는 뜻입니다. '부정'을 뜻하는 접두사 'un-'과 '보험에 들다'라는 동사 'insure', 그리고 '~할 수 있는'이라는 접미사 '-able'이 합쳐진 단어입니다. 위험 부담이 너무 커서 보험사가 거절하는 안타까운 상태죠. 영화에서는 ""If he's in a coma, he's probably uninsurable."" 이 문장은 ""혼수상태라면 보험 가입이 어려울 수 있습니다.""라는 뜻입니다. Uninsurable, 보험에 가입할 수 없는."
Peeler,껍질 벗기는 기구,"Peeler... Peeler... 이 표현은 명사로 '껍질 벗기는 기구'라는 뜻입니다. '껍질을 벗기다'라는 뜻의 동사 'peel'에 도구를 의미하는 접미사 '-er'이 붙었어요. 피부 관리할 때 쓰는 필링(peeling)과 같은 어원으로, 주방에서 감자나 과일 깎을 때 쓰는 필수템입니다. 영화에서는 ""It's a dicer, grater, peeler, all in one."" 이 문장은 ""다지기, 강판, 껍질 벗기기가 하나로 된 거예요.""라는 뜻입니다. Peeler, 껍질 벗기는 기구."
Around the corner,"코앞에 다가온, 임박한","Around the corner... Around the corner... 이 표현은 숙어로 '코앞에 다가온' 또는 '임박한'이라는 뜻입니다. 길 모퉁이(corner)만 쓱 돌면(around) 바로 나타난다는 뜻에서, 시간적으로나 공간적으로 무언가가 아주 가까이 다가온 상태를 생생하게 표현합니다. 영화에서는 ""Bonus time is just around the corner."" 이 문장은 ""보너스 탈 때도 다 됐으니까(코앞이니까).""라는 뜻입니다. Around the corner, 코앞에 다가온."
Bum around,빈둥거리며 돌아다니다,"Bum around... Bum around... 이 표현은 구동사로 '빈둥거리며 돌아다니다'라는 뜻입니다. '게으름뱅이, 부랑자'를 뜻하는 명사 'bum'에서 파생되어, 특별한 목적이나 직장 없이 이리저리 떠돌아다니며 욜로(YOLO)처럼 사는 삶을 묘사할 때 써요. 영화에서는 ""We can bum around the world for a year on that."" 이 문장은 ""그 돈이면 1년 동안 전 세계를 (빈둥거리며) 돌아다닐 수 있어.""라는 뜻입니다. Bum around, 빈둥거리며 돌아다니다."
Erase,"지우다, 없애다","Erase... Erase... 이 표현은 동사로 '지우다' 또는 '없애다'라는 뜻입니다. '밖으로'를 뜻하는 접두사 'e(ex)-'와 '긁다'를 뜻하는 라틴어 'radere'가 만났어요. 옛날에 종이 대신 쓰던 양피지에 적힌 글씨를 칼로 박박 긁어서 없애던 모습에서 유래한 흥미로운 단어입니다. 영화에서는 ""they couldn't erase the memory."" 이 문장은 ""기억까지 지울 순 없었던 거지.""라는 뜻입니다. Erase, 지우다."
Commit to memory,"암기하다, 기억해 두다","Commit to memory... Commit to memory... 이 표현은 숙어로 '암기하다' 또는 '기억해 두다'라는 뜻입니다. '맡기다, 위임하다'라는 뜻의 동사 'commit'을 사용하여, 중요한 정보나 외워야 할 것들을 내 머릿속(memory)에 단단히 맡겨 둔다는 진지한 뉘앙스를 가집니다. 영화에서는 ""I got to commit this to memory."" 이 문장은 ""이거 다 외워야 해(기억해 둬야 해).""라는 뜻입니다. Commit to memory, 암기하다."
Pretend,"~인 척하다, 연기하다","Pretend... Pretend... 이 표현은 동사로 '~인 척하다' 또는 '연기하다'라는 뜻입니다. '앞으로'를 뜻하는 'pre-'와 '뻗다'를 뜻하는 라틴어 'tendere'가 합쳐졌어요. 남들 앞에서 그럴싸한 모습을 쭉 뻗어 내밀며, 사실이 아닌 것을 진짜인 것처럼 뻔뻔하게 꾸민다는 뜻이죠. 영화에서는 ""Everybody's pretending."" 이 문장은 ""다들 연기하는 거라고(인 척하는 거라고).""라는 뜻입니다. Pretend, ~인 척하다."
"Close, but no cigar","아깝게 틀린, 거의 맞출 뻔한","Close, but no cigar... Close, but no cigar... 이 표현은 숙어로 '아깝게 틀린' 또는 '거의 맞출 뻔한'이라는 뜻입니다. 20세기 초 미국 유원지 사격 게임에서, 아슬아슬하게 우승을 놓친 사람에게 ""가까웠지만, 우승 상품인 시가(cigar)는 못 주겠네!""라고 놀리던 데서 유래한 아주 위트 있는 관용구랍니다. 영화에서는 ""Close, but no cigar."" 이 문장은 ""아깝네, 거의 맞출 뻔했는데.""라는 뜻입니다. Close, but no cigar, 아깝게 틀린."
Buckle up,"안전벨트를 매다, 단단히 준비하다","Buckle up... Buckle up... 이 표현은 구동사로 '안전벨트를 매다' 또는 '단단히 준비하다'라는 뜻입니다. 버클(buckle)을 찰칵 채운다(up)는 뜻에서 왔으며, 차를 탈 때뿐만 아니라 앞으로 벌어질 흥미진진하거나 충격적인 일을 앞두고 마음의 준비를 하라고 경고할 때도 멋지게 씁니다. 영화에서는 ""don't forget to buckle up out there in radioland."" 이 문장은 ""청취자 여러분, 운전하실 땐 안전벨트 매는 거 잊지 마시고요.""라는 뜻입니다. Buckle up, 안전벨트를 매다."
Go bust,"파산하다, 망하다","Go bust... Go bust... 이 표현은 숙어로 '파산하다' 또는 '망하다'라는 뜻입니다. '파열하다, 터지다'라는 뜻의 동사 'burst'가 속어 형태로 변형된 'bust'를 써서, 회사의 재정 상태나 잘나가던 사업이 풍선처럼 펑 하고 터져버려 문을 닫게 된 상황을 생생하게 표현합니다. 영화에서는 ""They went bust."" 이 문장은 ""거기 망했어요.""라는 뜻입니다. Go bust, 파산하다."
Unpredictable,"예측할 수 없는, 종잡을 수 없는","Unpredictable... Unpredictable... 이 표현은 형용사로 '예측할 수 없는'이라는 뜻입니다. '부정'의 'un-', '미리'의 'pre-', '말하다'의 'dict', 그리고 '할 수 있는'의 '-able'이 기차처럼 길게 합쳐졌어요. 앞으로 무슨 행동을 할지 미리 말할 수 없을 정도로 럭비공 같은 사람이나 상황을 말하죠. 영화에서는 ""It's when I'm unpredictable, that's..."" 이 문장은 ""내가 예측 불가능하게 행동하면, 그러니까...""라는 뜻입니다. Unpredictable, 예측할 수 없는."
Game,"~할 용의가 있는, 기꺼이 하려는","Game... Game... 이 표현은 형용사로 '~할 용의가 있는' 또는 '기꺼이 하려는'이라는 뜻입니다. 명사로는 '놀이'지만, 옛날 사냥꾼들이 거친 사냥(game)에 나서겠다는 적극적인 태도에서 유래해, 누군가 제안을 했을 때 ""나도 할래! 콜!"" 하고 받아들일 때 원어민들이 아주 쿨하게 씁니다. 영화에서는 ""Whatever you say, I'm game."" 이 문장은 ""네가 하자는 대로 할게(나도 기꺼이 할게).""라는 뜻입니다. Game, ~할 용의가 있는."
Praise,"칭찬, 찬양","Praise... Praise... 이 표현은 명사로 '칭찬' 또는 '찬양'이라는 뜻입니다. '가치, 가격'을 뜻하는 라틴어 'pretium'에서 왔어요. 어떤 사람의 행동이나 사물이 지닌 진정한 가치를 높게 평가하고 널리 기려준다는 뜻에서 일상적인 칭찬부터 종교적인 찬양까지 두루 쓰입니다. 영화에서는 ""A hymn of praise to small town life..."" 이 문장은 ""작은 마을의 삶을 예찬하는(찬양하는) 이 영화는...""이라는 뜻입니다. Praise, 칭찬."
Split one's sides,배꼽 빠지게 웃다,"Split one's sides... Split one's sides... 이 표현은 숙어로 '배꼽 빠지게 웃다'라는 뜻입니다. 너무 심하게, 오랫동안 웃어서 양쪽 배나 옆구리(sides) 근육이 찢어질(split) 것 같이 아픈 상황을 과장해서 표현한 재미있는 이디엄이에요. 우리말의 '배꼽 빠지다'와 싱크로율 100%죠! 영화에서는 ""That scene with the bowl of cherries is going to have you splitting your sides with laughter..."" 이 문장은 ""체리 그릇 장면은 다시 봐도 배꼽 빠지게 웃기실 겁니다...""라는 뜻입니다. Split one's sides, 배꼽 빠지게 웃다."
Turnoff,"갈림길, 나가는 길","Turnoff... Turnoff... 이 표현은 명사로 '갈림길' 또는 '나가는 길'이라는 뜻입니다. 고속도로나 뻗어있는 큰 길에서 차를 돌려(turn) 바깥으로 벗어나는(off) 분기점을 말해요. (심리적으로는 내 흥미나 호감을 뚝 떨어뜨리는 비호감 요소를 뜻하기도 합니다!) 영화에서는 ""Truman, that's our turnoff. I changed my mind again."" 이 문장은 ""트루먼, 우리 빠지는 길은 저기잖아. 마음이 또 바뀌었어.""라는 뜻입니다. Turnoff, 갈림길."
Leak,"누출, 새는 곳","Leak... Leak... 이 표현은 명사로 '누출' 또는 '새는 곳'이라는 뜻입니다. 고대 네덜란드어에서 '물이 새다'를 뜻하던 단어에서 유래했어요. 배나 가스 파이프에서 물질이 새어 나오는 물리적인 누출부터, 비밀 정보가 언론에 새어 나가는 스캔들까지 모두 포함하는 중요한 명사입니다. 영화에서는 ""Truman, it looks like a leak at the plant."" 이 문장은 ""트루먼, 발전소에서 누출 사고가 난 것 같아.""라는 뜻입니다. Leak, 누출."
Creator,"창조자, 조물주","Creator... Creator... 이 표현은 명사로 '창조자' 또는 '만든 사람'이라는 뜻입니다. '자라게 하다, 만들다'를 뜻하는 라틴어 'creare'에 사람을 뜻하는 접미사 '-or'이 붙었어요. 아무것도 없는 곳에서 완벽한 무언가를 만들어내는 사람, 즉 신이나 트루먼 쇼의 크리스토프 같은 위대한 기획자를 웅장하게 부르는 단어입니다. 영화에서는 ""I am the creator of a television show..."" 이 문장은 ""나는... TV 쇼를 만든 사람(창조자)이다.""라는 뜻입니다. Creator, 창조자."
Ferry,"여객선, 연락선","Ferry... Ferry... 이 표현은 명사로 '여객선' 또는 '연락선'이라는 뜻입니다. '나르다, 운반하다'를 뜻하는 라틴어 'ferre'에서 왔어요. 사람이나 차를 이쪽에서 저쪽으로 실어 나르는 배를 뜻하죠. (Transfer, refer와 같은 어근입니다!) 영화에서는 ""Ferry's still here."" 이 문장은 ""배(여객선)가 아직 있네요.""라는 뜻입니다. Ferry, 여객선."
Dicer,다지는 기구,"Dicer... Dicer... 이 표현은 명사로 '다지기(기구)'라는 뜻입니다. 주사위를 뜻하는 'dice'에서 왔는데, 채소나 고기를 깍둑썰기로 주사위 모양처럼 네모나고 잘게 써는 도구라는 뜻에 접미사 '-er'을 붙여 만들었죠. 영화에서는 ""It's a dicer, grater, peeler, all in one."" 이 문장은 ""'셰프의 친구'래요. 다지기, 강판, 껍질 벗기기가 하나로 된 거예요.""라는 뜻입니다. Dicer, 다지는 기구."
Vending machine,자동판매기,"Vending machine... Vending machine... 이 표현은 명사로 '자동판매기'라는 뜻입니다. '팔다'를 뜻하는 라틴어 'vendere'에서 유래한 'vend(판매하다)'에 '기계(machine)'가 합쳐졌어요. 동전을 넣으면 물건을 툭 내어 파는 기계죠. 영화에서는 ""You should try stocking vending machines for a living."" 이 문장은 ""너도 먹고살려고 자판기 채우는 일 한번 해봐야 해.""라는 뜻입니다. Vending machine, 자동판매기."
Plankton,"플랑크톤, 부유 생물","Plankton... Plankton... 이 표현은 명사로 '플랑크톤' 또는 '부유 생물'이라는 뜻입니다. 그리스어로 '떠도는 것, 방랑하는 것'을 뜻하는 'planktos'에서 유래했어요. 물결에 따라 정처 없이 떠다니는 미세한 생물들을 아주 시적으로 표현한 단어랍니다. 영화에서는 ""One large, extra plankton."" 이 문장은 ""라지 사이즈 하나, 플랑크톤 추가해서요.""라는 뜻입니다. Plankton, 플랑크톤."
Interruption,"방해, 중단","Interruption... Interruption... 이 표현은 명사로 '방해' 또는 '중단'이라는 뜻입니다. '사이에'를 뜻하는 'inter-'와 '깨다, 부수다'를 뜻하는 라틴어 'rupt(rumpere)'가 합쳐졌어요. 매끄럽게 진행되던 일 사이에 불쑥 끼어들어 흐름을 팍 깨버린다는 뜻입니다. 영화에서는 ""Since the show is on 24 hours a day without commercial interruption..."" 이 문장은 ""광고(방해) 없이 24시간 방송되기 때문에...""라는 뜻입니다. Interruption, 방해."
Catalog,"상품 목록, 카탈로그","Catalog... Catalog... 이 표현은 명사로 '카탈로그' 또는 '상품 목록'이라는 뜻입니다. '아래로, 완전히'를 뜻하는 그리스어 'cata-'와 '말하다, 세다'를 뜻하는 'legein'이 만났어요. 사람들이 보기 편하게 품목들을 아래로 쭉 나열해 놓고 목록화한 책자죠. 영화에서는 ""All of it available in the Truman catalog..."" 이 문장은 ""트루먼 카탈로그에서 구매하실 수 있습니다...""라는 뜻입니다. Catalog, 상품 목록."
Romantic,"낭만적인, 연애의","Romantic... Romantic... 이 표현은 형용사로 '로맨틱한' 또는 '낭만적인'이라는 뜻입니다. 옛날 로망스어(Romanz)로 쓰인 기사들의 영웅담이나 연애 소설을 뜻하는 'Romance'에서 유래했어요. 현실보다는 소설 속 이야기처럼 달콤하고 감미롭다는 뜻이죠! 영화에서는 ""And a new romantic interest will be introduced."" 이 문장은 ""그리고 새로운 여자가(로맨틱한 관심사가) 등장할 거고요.""라는 뜻입니다. Romantic, 낭만적인."
Galaxy,은하계,"Galaxy... Galaxy... 이 표현은 명사로 '은하계'라는 뜻입니다. 그리스어로 '우유'를 뜻하는 'gala'에서 유래했어요. 밤하늘을 수놓은 무수한 별무리가 마치 우유를 엎질러 놓은 것 같은 하얀 길(Milky Way)처럼 보인다고 해서 붙여진 아주 아름다운 이름입니다. 영화에서는 ""I hereby proclaim this planet... Trumania of the Burbank galaxy."" 이 문장은 ""나는 이 행성을 버뱅크 은하계의 트루매니아로 명명하노라.""라는 뜻입니다. Galaxy, 은하계."
Basement,지하실,"Basement... Basement... 이 표현은 명사로 '지하실'이라는 뜻입니다. '기초, 바닥'을 뜻하는 'base'에 명사를 만드는 접미사 '-ment'가 붙었어요. 건물이 흔들리지 않게 가장 밑바닥 기초를 이루는 층이라는 직관적인 단어랍니다. 영화에서는 ""What's he doing in the basement?"" 이 문장은 ""지하실에서 뭐 하는 거야?""라는 뜻입니다. Basement, 지하실."
Convention,"대회, 집회, 관습","Convention... Convention... 이 표현은 명사로 '대회, 집회' 또는 '관습'이라는 뜻입니다. '함께'를 뜻하는 'con-'과 '오다'를 뜻하는 라틴어 'ven(venire)'이 만났어요. 특정한 목적을 위해 사람들이 한곳에 다 함께 모이는 거대한 행사를 뜻하죠. 영화에서는 ""I wanna check on the setups for the insurance convention tomorrow."" 이 문장은 ""내일 보험 컨벤션(대회) 준비 상황 좀 확인해야겠어.""라는 뜻입니다. Convention, 대회/집회."
Isolate,"격리하다, 분리하다","Isolate... Isolate... 이 표현은 동사로 '격리하다' 또는 '분리하다'라는 뜻입니다. '섬'을 뜻하는 라틴어 'insula'에서 유래했어요. 육지에서 뚝 떨어져 혼자 있는 외로운 섬처럼, 어떤 소리나 사람을 다른 것들과 떼어놓아 분리한다는 의미입니다. 영화에서는 ""Isolate the audio."" 이 문장은 ""오디오 분리해.""라는 뜻입니다. Isolate, 격리하다."
Torso,"상반신, 몸통","Torso... Torso... 이 표현은 명사로 '상반신' 또는 '몸통'이라는 뜻입니다. 이탈리아어로 양팔과 다리, 머리가 없는 조각상의 '몸통'을 뜻하던 단어가 그대로 영어로 들어왔어요. 의학이나 미술에서 사람의 핵심적인 신체 부위를 말할 때 씁니다. 영화에서는 ""Give me a close up on his torso."" 이 문장은 ""상반신 클로즈업해 봐.""라는 뜻입니다. Torso, 상반신."
Account for,"행방을 파악하다, 설명하다","Account for... Account for... 이 표현은 구동사로 '(행방을) 파악하다' 또는 '~을 설명하다'라는 뜻입니다. 돈의 출납을 계산하는 '계좌(account)'에서 파생되어, 사람이나 물건이 어디 있는지 정확히 하나하나 세어보고 행방을 파악해서 보고한다는 뉘앙스를 가집니다. 영화에서는 ""Yes, they've been accounted for."" 이 문장은 ""네, 다 확인했습니다(행방이 파악되었습니다).""라는 뜻입니다. Account for, 행방을 파악하다."
Recognizable,알아볼 수 있는,"Recognizable... Recognizable... 이 표현은 형용사로 '알아볼 수 있는'이라는 뜻입니다. '다시'의 're-'와 '알다'의 'cogn(cognoscere)'이 만난 'recognize(알아보다)'에 '-able(할 수 있는)'이 붙었어요. 스쳐 지나가도 한눈에 딱 보고 누군지 다시 알아챌 수 있을 만큼 눈에 띈다는 뜻이죠. 영화에서는 ""He has the world's most recognizable face."" 이 문장은 ""세상에서 제일 유명한(알아보기 쉬운) 얼굴인데.""라는 뜻입니다. Recognizable, 알아볼 수 있는."
Lighthouse,등대,"Lighthouse... Lighthouse... 이 표현은 명사로 '등대'라는 뜻입니다. 말 그대로 '빛(light)'을 비추는 '집(house)'이라는, 아주 직관적이고 쉬운 합성어입니다. 어두운 바다에서 배들이 길을 잃지 않게 생명의 빛을 쏘아주는 고마운 건물이기도 하죠. 영화에서는 ""Yeah. We have four of them down, but we have the lighthouse cameras up."" 이 문장은 ""네. 4개는 나갔는데 등대 카메라는 돼요.""라는 뜻입니다. Lighthouse, 등대."
Mast,돛대,"Mast... Mast... 이 표현은 명사로 '돛대'라는 뜻입니다. 고대 영어 'mæst'에서 유래한 단어로, 배가 바람을 타고 나아갈 수 있도록 돛을 매달기 위해 뱃바닥에서부터 수직으로 높이 세운 튼튼한 기둥을 뜻합니다. 영화에서는 ""Let's get off this mast shot."" 이 문장은 ""돛대 샷 치워.""라는 뜻입니다. Mast, 돛대."
Drunken,술 취한,"Drunken... Drunken... 이 표현은 형용사로 '술 취한'이라는 뜻입니다. 동사 'drink(마시다)'의 과거분사형인 'drunk'에서 파생되어, 옛날부터 주로 명사 앞에서 '술 취한 누구누구'라고 꾸며줄 때 수식어로 쓰이던 고전적인 형태예요. 영화에서는 ""What shall we do with a drunken sailor?"" 이 문장은 ""술 취한 선원은 어떻게 할까?""라는 뜻입니다. Drunken, 술 취한."
Belong,"~에 속하다, 제자리다","Belong... Belong... 이 표현은 동사로 '~에 속하다' 또는 '제자리다'라는 뜻입니다. '완전히'를 뜻하는 접두사 'be-'와 '함께 가다, 어울리다'라는 뜻을 가졌던 고대 영어 'lang'이 합쳐졌어요. 누군가나 물건이 원래 있어야 할 가장 자연스러운 자리나 소속을 뜻합니다. 영화에서는 ""You can't leave, Truman. You belong here... with me."" 이 문장은 ""자네는 못 떠나, 트루먼. 자네는 이곳에 속해 있어... 나와 함께.""라는 뜻입니다. Belong, ~에 속하다."
Audience,"관객, 시청자","Audience... Audience... 이 표현은 명사로 '관객' 또는 '시청자'라는 뜻입니다. '듣다'를 뜻하는 라틴어 'audire'에서 왔어요. 오디오(audio)와 같은 어원으로, 옛날에는 원형 극장에 모여 배우의 대사를 '듣는 사람들'을 뜻했지만 지금은 보는 사람들까지 모두 포함하게 되었습니다. 영화에서는 ""He was born in front of a live audience."" 이 문장은 ""태어나는 것도 생방송이었어(라이브 관객들 앞이었어).""라는 뜻입니다. Audience, 관객."
Rescue,"구조하다, 구출","Rescue... Rescue... 이 표현은 동사로 '구조하다', 명사로 '구출'이라는 뜻입니다. '다시, 뒤로'를 뜻하는 're-'와 '흔들다, 쫓아내다'를 뜻하는 고대 프랑스어 'escorre'가 합쳐졌어요. 위험에 처한 사람을 강하게 흔들어 깨우고 밖으로 빼내어 다시 살려낸다는 긴박한 의미가 담겨 있죠! 영화에서는 ""There's no rescue boat."" 이 문장은 ""구조선도 없잖아요.""라는 뜻입니다. Rescue, 구조하다."
Noble,"고귀한, 숭고한","Noble... Noble... 이 표현은 형용사로 '고귀한' 또는 '숭고한'이라는 뜻입니다. '알려진, 유명한'을 뜻하는 라틴어 'nobilis'에서 유래했어요. 누구나 알 만큼 훌륭하고 기품 있는 성품이나 신분을 뜻하죠. 영화에서는 ""It's a noble life."" 이 문장은 ""고귀한 삶이죠.""라는 뜻입니다. Noble, 고귀한."
News flash,"속보, 긴급 뉴스","News flash... News flash... 이 표현은 명사로 '속보' 또는 '긴급 뉴스'라는 뜻입니다. 번쩍이는 '섬광'을 뜻하는 'flash'를 써서, 정규 방송 중간에 번쩍하고 아주 빠르게 끼어드는 핫한 뉴스를 표현합니다. 영화에서는 ""Here's a news flash just in."" 이 문장은 ""방금 들어온 속보입니다.""라는 뜻입니다. News flash, 속보."
Appointment,"약속, 예약","Appointment... Appointment... 이 표현은 명사로 '약속' 또는 '예약'이라는 뜻입니다. '~쪽으로(ad-)'와 '점, 지점(point)'이 합쳐져서, 특정 시간과 장소를 딱 찍어서 정해두는 공적인 만남을 뜻해요. 친구와의 가벼운 약속(promise)과는 뉘앙스가 다르죠! 영화에서는 ""I have an appointment. Dentist."" 이 문장은 ""약속이 있거든요. 치과요.""라는 뜻입니다. Appointment, 약속."
Appreciate,"감사하다, 진가를 인정하다","Appreciate... Appreciate... 이 표현은 동사로 '감사하다' 또는 '진가를 인정하다'라는 뜻입니다. '~에게(ad-)'와 '가격, 가치(pretium)'가 결합했어요. 상대방이 베푼 호의나 어떤 물건의 진정한 가치를 높게 쳐주며 진심으로 고마워한다는 아주 품격 있는 단어입니다. 영화에서는 ""I really appreciate it."" 이 문장은 ""진심으로 감사드려요.""라는 뜻입니다. Appreciate, 감사하다."
Charge,"고발, 혐의, 요금","Charge... Charge... 이 표현은 명사로 '고발' 또는 '혐의'라는 뜻입니다. (동사로는 '청구하다, 충전하다'라는 뜻도 있어요!) 옛날 짐 마차에 무거운 짐(carrus)을 싣는다는 뜻에서 유래해, 누군가에게 죄나 책임을 무겁게 얹어 법적으로 고발한다는 의미로 쓰입니다. 영화에서는 ""Next time, we'll have to file charges."" 이 문장은 ""다음번엔 고발 조치하겠습니다.""라는 뜻입니다. Charge, 고발."
John,화장실 (속어),"John... John... 이 표현은 명사로 '화장실'이라는 뜻입니다. 원어민들이 일상에서 아주 흔하게 쓰는 속어(슬랭)예요. 수세식 화장실을 대중화시킨 영국의 존 해링턴(John Harington) 경의 이름에서 유래했다는 재미있는 설이 가장 유명하답니다. 영화에서는 ""Come on, who hasn't sat in the john..."" 이 문장은 ""왜, 누구나 화장실에 앉아서...""라는 뜻입니다. John, 화장실."
Network,"통신망, 네트워크","Network... Network... 이 표현은 명사로 '통신망' 또는 '네트워크'라는 뜻입니다. '그물(net)'과 '작업(work)'이 합쳐졌어요. 그물코처럼 촘촘하게 서로 연결되어 방송 전파나 수많은 정보를 주고받는 거대한 시스템을 말하죠. 영화에서는 ""An entire human life recorded on an intricate network of hidden cameras..."" 이 문장은 ""한 인간의 일생이 정교하게 숨겨진 카메라 네트워크에 기록되고...""라는 뜻입니다. Network, 통신망."
Generate,"발생시키다, 창출하다","Generate... Generate... 이 표현은 동사로 '발생시키다' 또는 '창출하다'라는 뜻입니다. '낳다, 생산하다'를 뜻하는 라틴어 어근 'gen-'에서 왔어요. 수익을 내거나 전기, 열, 아이디어 등을 새롭게 뿜어내고 만들어 낼 때 쓰는 아주 유용한 비즈니스 필수 단어입니다. 영화에서는 ""The show has generated enormous revenues..."" 이 문장은 ""이 쇼는 막대한 수익을 창출하고 있습니다...""라는 뜻입니다. Generate, 발생시키다."
Revenue,"수익, 수입","Revenue... Revenue... 이 표현은 명사로 '수익' 또는 '수입'이라는 뜻입니다. '다시, 뒤로'를 뜻하는 're-'와 '오다'를 뜻하는 라틴어 'venire'가 합쳐졌어요. 비즈니스에 투자한 돈이 돌고 돌아 나에게 다시 돌아오는 결과물, 즉 기업의 짭짤한 수입을 뜻하죠. 영화에서는 ""The show has generated enormous revenues..."" 이 문장은 ""이 쇼는 막대한 수익을 창출하고 있습니다...""라는 뜻입니다. Revenue, 수익."
Product placement,"간접 광고, PPL","Product placement... Product placement... 이 표현은 명사로 '간접 광고'라는 뜻입니다. 우리가 흔히 'PPL'이라고 부르는 그 단어의 원래 이름이에요! '제품(product)'을 방송 화면 속의 적절한 위치에 슬쩍 '배치(placement)'해서 시청자들에게 자연스럽게 광고 효과를 노리는 마케팅 기법입니다. 영화에서는 ""All those staggering revenues are generated by product placement."" 이 문장은 ""그 막대한 수익은 모두 간접 광고(PPL)로 충당합니다.""라는 뜻입니다. Product placement, 간접 광고."
Cell,"감방, 독방, 세포","Cell... Cell... 이 표현은 명사로 '감방' 또는 '작은 방'이라는 뜻입니다. '숨기다, 덮다'를 뜻하는 라틴어 'celare'에서 온 작은 방(cella)에서 유래했어요. 수도승이 머무는 좁은 방에서 시작해, 범죄자가 갇히는 감옥의 독방, 그리고 생물체를 이루는 쪼그만 세포까지 의미가 넓어졌죠. 영화에서는 ""Truman prefers his cell, as you call it."" 이 문장은 ""트루먼은 당신이 말하는 그 감옥을 더 좋아하는 겁니다.""라는 뜻입니다. Cell, 감방."
Principal,"주연 배우, 주요한","Principal... Principal... 이 표현은 명사로 '주연 배우' 또는 형용사로 '주요한'이라는 뜻입니다. (학교에서는 으뜸가는 선생님인 '교장 선생님'을 뜻하기도 해요!) '첫 번째의, 가장 중요한'을 뜻하는 라틴어 'principalis'에서 유래했어요. 극 중에서 가장 으뜸이 되는 역할을 맡은 핵심 배우들이죠. 영화에서는 ""The principals are helping out."" 이 문장은 ""주연 배우들도 돕고 있습니다.""라는 뜻입니다. Principal, 주연 배우."
Live,"생방송의, 라이브의","Live... Live... 이 표현은 형용사와 부사로 '생방송의' 또는 '실시간의'라는 뜻입니다. (동사 '살다(live)'와 스펠링은 같지만 발음이 '라이브'로 다르니 주의하세요!) 테이프에 미리 녹화된 게 아니라, 지금 이 순간 생생하게 살아 숨 쉬며 전파를 탄다는 뜻이죠. 영화에서는 ""You're live to the whole world."" 이 문장은 ""전 세계에 생중계되고(라이브로 나가고) 있단 말이다.""라는 뜻입니다. Live, 생방송의."
Mower,잔디 깎는 기계,"Mower... Mower... 이 표현은 명사로 '잔디 깎는 기계'라는 뜻입니다. '풀을 베다'를 뜻하는 동사 'mow'에 기구나 사람을 뜻하는 접미사 '-er'이 붙었어요. 미국식 단독 주택의 넓은 앞마당 잔디를 주말마다 시원하게 밀어버리는 바로 그 기계랍니다. 영화에서는 ""Fixing the mower."" 이 문장은 ""잔디 깎는 기계 고치고 있어.""라는 뜻입니다. Mower, 잔디 깎는 기계."
Finals,"기말고사, 결승전","Finals... Finals... 이 표현은 명사로 '기말고사' 또는 '결승전'이라는 뜻입니다. '끝, 마지막'을 뜻하는 'final'에 복수형 '-s'가 붙었어요. 학기의 제일 마지막을 장식하는 시험이거나, 스포츠 토너먼트의 끝판왕 경기를 부를 때 항상 복수형으로 씁니다. 영화에서는 ""We have finals tomorrow."" 이 문장은 ""우리 내일 기말고사잖아.""라는 뜻입니다. Finals, 기말고사."
Therapy,"치료, 요법","Therapy... Therapy... 이 표현은 명사로 '치료' 또는 '요법'이라는 뜻입니다. 그리스어로 '의학적 치료를 하다, 돌보다'를 뜻하는 'therapeuein'에서 유래했어요. 수술이나 약물뿐만 아니라 심리, 물리, 충격 요법 등 환자를 낫게 하기 위한 전반적인 돌봄 과정을 뜻합니다. 영화에서는 ""Hypnotism, shock therapy."" 이 문장은 ""최면술, 충격 요법까지.""라는 뜻입니다. Therapy, 치료."
Extra,"단역 배우, 엑스트라, 여분의","Extra... Extra... 이 표현은 명사로 '단역 배우(엑스트라)' 또는 형용사로 '여분의'라는 뜻입니다. '바깥의, 추가적인'을 뜻하는 라틴어 'extra'에서 왔어요. 극을 이끄는 주연 배우들 밖에서, 군중 씬이나 풍성한 배경을 채워주기 위해 추가로 투입된 배우들을 뜻하는 익숙한 방송 용어입니다. 영화에서는 ""Stand by, all extras."" 이 문장은 ""모든 엑스트라 대기.""라는 뜻입니다. Extra, 단역 배우."
Prop,소품,"Prop... Prop... 이 표현은 명사로 '소품'이라는 뜻입니다. 연극 무대나 영화 촬영에 쓰이는 물건을 뜻하는 'property(재산, 소유물)'를 아주 짧게 줄여서 부르는 방송계 은어예요. 무대를 사실적으로 꾸며주는 미술 감독의 든든한 '자산' 같은 물건들이죠! 영화에서는 ""Props, make sure the coffee's hot."" 이 문장은 ""소품팀, 커피 따뜻한지 확인하고.""라는 뜻입니다. Prop, 소품."
Frequency,"주파수, 빈도","Frequency... Frequency... 이 표현은 명사로 '주파수' 또는 '빈도'라는 뜻입니다. '자주 일어나는'을 뜻하는 형용사 'frequent'의 명사형이에요. 전파가 1초에 얼마나 자주(빈번하게) 진동하는지를 나타내는 과학 용어에서 라디오나 무전기의 채널을 뜻하는 '주파수'가 되었습니다. 영화에서는 ""Change frequencies."" 이 문장은 ""주파수 바꿔.""라는 뜻입니다. Frequency, 주파수."
Absence,"부재, 결석","Absence... Absence... 이 표현은 명사로 '부재' 또는 '결석'이라는 뜻입니다. '떨어져(ab-)'와 '존재하다(esse)'가 결합된 라틴어에서 왔어요. 자기가 있어야 할 그 자리에 존재하지 않고 텅 비어있다는 뜻으로, 학교에 안 가면 '결석', 오랜 기간 자리를 비우면 '부재'가 됩니다. 영화에서는 ""But how do you intend to explain his 22-year absence?"" 이 문장은 ""하지만 22년 동안 없었던 건(부재는) 어떻게 설명하실 건가요?""라는 뜻입니다. Absence, 부재."
Comfort,"위안, 편안함","Comfort... Comfort... 이 표현은 명사로 '위안' 또는 '편안함'이라는 뜻입니다. (동사로 '위로하다'라는 뜻도 있어요!) '강조'를 뜻하는 접두사 'com-'과 '강한'을 뜻하는 라틴어 'fortis(fort)'가 합쳐졌습니다. 지치고 불안한 마음을 옆에서 단단하고 강하게 지탱해 주어 위안을 준다는 데서 유래했죠. 영화에서는 'We find many viewers leave him on all night for comfort.' 이 문장은 '많은 시청자들이 위안을 얻기 위해 밤새 켜놓기도 합니다.'라는 뜻입니다. Comfort, 위안."
Private,"사적인, 개인적인","Private... Private... 이 표현은 형용사로 '사적인' 또는 '개인적인'이라는 뜻입니다. 라틴어로 '박탈당한' 혹은 '국가에서 떨어져 나온 개인'을 뜻하는 'privatus'에서 유래했어요. 공공의 영역에서 벗어나 온전히 나 혼자만의 것이라는 뜻을 가집니다. 영화에서는 'For me, there is no difference between a private life and a public life.' 이 문장은 '저에게는 사생활과 공적인 삶의 구분이 없습니다.'라는 뜻입니다. Private, 사적인."
Public,"공적인, 대중의","Public... Public... 이 표현은 형용사로 '공적인' 또는 명사로 '대중'이라는 뜻입니다. '사람들, 대중'을 뜻하는 라틴어 'populus'에서 파생된 'publicus'가 어원이에요. Private의 완벽한 반대말로, 모두가 함께 공유하고 지켜보는 영역을 뜻하죠. 영화에서는 'For me, there is no difference between a private life and a public life.' 이 문장은 '저에게는 사생활과 공적인 삶의 구분이 없습니다.'라는 뜻입니다. Public, 공적인."
Source,"원천, 근원","Source... Source... 이 표현은 명사로 '원천' 또는 '근원'이라는 뜻입니다. '솟아오르다'를 뜻하는 라틴어 'surgere'에서 왔어요. 땅속에서 맑은 물이 끊임없이 퐁퐁 솟아나는 샘처럼, 어떤 것의 근본적인 바탕이나 자료의 출처를 뜻합니다. 영화에서는 'If I die before I reach the summit, you'll use me as an alternative source of food.' 이 문장은 '내가 정상에 오르기 전에 죽으면, 나를 대체 식량으로 써줘요.'라는 뜻입니다. Source, 원천."
Assistance,"도움, 안내","Assistance... Assistance... 이 표현은 명사로 '도움' 또는 '안내'라는 뜻입니다. '~쪽으로'를 뜻하는 'ad-'와 '서다'를 뜻하는 라틴어 'sistere'가 만났어요. 누군가의 옆에 딱 서서 필요한 것을 거들어주고 돕는다는 뜻입니다. 영화에서는 'Could I have directory assistance for Fiji, please?' 이 문장은 '피지 전화번호 안내 좀 받을 수 있을까요?'라는 뜻입니다. Assistance, 도움/안내."
Sharpen,"날카롭게 하다, 갈다","Sharpen... Sharpen... 이 표현은 동사로 '날카롭게 하다' 또는 '(칼을) 갈다'라는 뜻입니다. '날카로운'을 뜻하는 형용사 'sharp'에 '~하게 만들다'라는 뜻을 더해주는 마법의 접미사 '-en'이 붙었어요. 영화에서는 'Never needs sharpening, dishwasher safe.' 이 문장은 '날을 갈 필요도 없고, 식기세척기에 넣어도 된대요.'라는 뜻입니다. Sharpen, 날카롭게 하다."
Fantasy,"환상, 상상","Fantasy... Fantasy... 이 표현은 명사로 '환상' 또는 '상상'이라는 뜻입니다. '보여주다, 빛나다'를 뜻하는 그리스어 'phainein'에서 유래했어요. 현실에는 없지만 내 머릿속에서 눈에 보이듯 생생하게 그려지는 환상적인 이미지를 말하죠! 영화에서는 'Truman, this is one of your fantasies...' 이 문장은 '트루먼, 너 또 상상하는 거야...'라는 뜻입니다. Fantasy, 환상."
Moss,이끼,"Moss... Moss... 이 표현은 명사로 '이끼'라는 뜻입니다. 고대 영어 'mos(늪, 습지, 이끼)'에서 그대로 이어져 온 아주 오래된 단어예요. 주로 속담이나 비유적 표현에서 정체되어 있는 상태를 상징할 때 자주 등장합니다. 영화에서는 'Early bird gathers no moss.' 이 문장은 '일찍 일어나는 새가... 이끼가 안 끼지.'라는 뜻입니다. Moss, 이끼."
Gamble,도박을 하다,"Gamble... Gamble... 이 표현은 동사로 '도박을 하다', 명사로 '도박'이라는 뜻입니다. '놀이, 오락'을 뜻하던 고대 영어 'gamen(game의 어원)'에서 파생되었어요. 단순한 놀이가 운에 돈을 거는 위험한 행위로 의미가 바뀐 흥미로운 케이스죠. 영화에서는 'No, you hate to gamble.' 이 문장은 '아냐, 당신 도박 싫어하지.'라는 뜻입니다. Gamble, 도박하다."
Nervous,"불안해하는, 신경의","Nervous... Nervous... 이 표현은 형용사로 '불안해하는' 또는 '신경의'라는 뜻입니다. '신경'을 뜻하는 'nerve'에 '~이 많은'을 뜻하는 접미사 '-ous'가 붙었어요. 온몸의 신경이 곤두서서 극도로 예민하고 불안한 상태를 표현할 때 씁니다. 영화에서는 'You're having a nervous breakdown, that's what's happening.' 이 문장은 '당신 신경쇠약에 걸린 거야, 그게 무슨 일인지 알아?'라는 뜻입니다. Nervous, 불안해하는."
Imaginary,"상상의, 가상의","Imaginary... Imaginary... 이 표현은 형용사로 '상상의' 또는 '가상의'라는 뜻입니다. '이미지, 상'을 뜻하는 'image'에 관련된 것을 나타내는 접미사 '-ary'가 합쳐졌어요. 현실이 아니라 마음속으로만 그려낸 가짜라는 뜻입니다. 영화에서는 'Come on, who hasn't sat in the john, had an imaginary interview on Seahaven Tonight?' 이 문장은 '왜, 누구나 화장실에 앉아서 '씨헤이븐 투나잇' 쇼 인터뷰하는 상상 정돈 해보잖아?'라는 뜻입니다. Imaginary, 상상의."
Limitation,"한계, 제한","Limitation... Limitation... 이 표현은 명사로 '한계' 또는 '제한'이라는 뜻입니다. '경계선, 오솔길'을 뜻하는 라틴어 'limes(limit)'에 명사형 접미사 '-ation'이 붙었어요. 내가 넘어갈 수 없도록 딱 그어진 선, 즉 능력이나 범위의 끝을 뜻하죠. 영화에서는 'You've got to know your limitations, Truman.' 이 문장은 '너도 네 한계를 알아야지, 트루먼.'라는 뜻입니다. Limitation, 한계."
Terrified,겁에 질린,"Terrified... Terrified... 이 표현은 형용사로 '겁에 질린'이라는 뜻입니다. '공포'를 뜻하는 'terror'에 '~하게 만들다'라는 '-fy'가 붙은 동사 'terrify(겁먹게 하다)'의 과거분사형이에요. 그냥 무서운(scared) 수준을 넘어 온몸이 얼어붙을 정도로 극도의 공포를 느낄 때 씁니다. 영화에서는 'Truman's been terrified of the water ever since.' 이 문장은 '트루먼은 그 이후로 물을 무서워하게 됐으니까요.'라는 뜻입니다. Terrified, 겁에 질린."
Corporation,"기업, 회사, 법인","Corporation... Corporation... 이 표현은 명사로 '기업' 또는 '법인'이라는 뜻입니다. '몸, 신체'를 뜻하는 라틴어 'corpus'에서 유래했어요. 법적으로 여러 사람이 모여 하나의 몸집을 가진 인격체(법인)로 인정받은 큰 규모의 회사를 뜻하는 필수 비즈니스 단어입니다! 영화에서는 'I believe Truman is the first child to have been legally adopted by a corporation.' 이 문장은 '참고로 트루먼은 법적으로 기업에 입양된 최초의 아이입니다.'라는 뜻입니다. Corporation, 기업."
Wardrobe,"옷장, 의상","Wardrobe... Wardrobe... 이 표현은 명사로 '옷장' 또는 '의상'이라는 뜻입니다. '지키다, 보호하다'를 뜻하는 'ward'와 '옷, 가운'을 뜻하는 'robe'가 합쳐졌어요. 소중한 옷을 먼지로부터 보호해 두는 가구라는 아주 귀여운 유래를 가진 단어랍니다. 영화에서는 'From the actors' wardrobe, food products, to the very homes they live in.' 이 문장은 '배우들의 의상, 음식, 심지어 그들이 사는 집까지도요.'라는 뜻입니다. Wardrobe, 옷장/의상."
Guilty,"죄책감이 드는, 유죄의","Guilty... Guilty... 이 표현은 형용사로 '죄책감이 드는' 또는 '유죄의'라는 뜻입니다. '범죄, 죄'를 뜻하는 고대 영어 'gylt(guilt)'에 형용사를 만드는 꼬리표 '-y'가 붙었어요. 법정에서 죄가 있다고 판결받을 때나, 스스로 양심에 찔려 찝찝할 때 모두 씁니다. 영화에서는 'Don't you ever feel guilty?' 이 문장은 '죄책감도 안 느껴져?'라는 뜻입니다. Guilty, 죄책감이 드는."
Performer,"연기자, 공연자","Performer... Performer... 이 표현은 명사로 '연기자' 또는 '공연자'라는 뜻입니다. '완전히'를 뜻하는 'per-'와 '형태를 잡다'를 뜻하는 'form'이 만나 '완수하다, 공연하다'라는 뜻의 'perform'이 되었고, 거기에 사람을 뜻하는 '-er'이 붙었죠. 무대를 완벽하게 수행해 내는 사람입니다. 영화에서는 'He's not a performer. He's a prisoner.' 이 문장은 '그는 배우가 아니야. 죄수지.'라는 뜻입니다. Performer, 연기자."
Ambition,"야망, 포부","Ambition... Ambition... 이 표현은 명사로 '야망' 또는 '포부'라는 뜻입니다. '양쪽으로, 주변을(ambi)'과 '가다(ire)'가 합쳐졌어요. 고대 로마 시대에 공직 후보자들이 표를 얻으려고 이리저리 돌아다니며 열성을 보이던 모습에서 '야망'이라는 뜻이 생겨났습니다! 영화에서는 'If his was more than just a vague ambition,' 이 문장은 '그저 막연한 꿈이 아니라,'라는 뜻입니다. Ambition, 야망."
Determined,"단호한, 결심한","Determined... Determined... 이 표현은 형용사로 '단호한' 또는 '결심한'이라는 뜻입니다. '완전히(de-)'와 '끝내다, 경계선을 긋다'를 뜻하는 'termin(terminus)'이 만났어요. 마음속에 분명하게 선을 긋고 흔들림 없이 확고하게 결정을 내린 상태를 말하죠. 영화에서는 'if he was absolutely determined to discover the truth, there's no way we could prevent him.' 이 문장은 '진실을 알아내겠다는 확고한 의지만 있다면 우리가 막을 방법은 없어요.'라는 뜻입니다. Determined, 단호한."
Drown,"물에 빠져 죽다, 익사하다","Drown... Drown... 이 표현은 동사로 '물에 빠져 죽다' 또는 '익사하다'라는 뜻입니다. 고대 영어로 '가라앉다'를 뜻하는 'druncnian'에서 왔는데, '마시다(drink)'와 뿌리가 같아요. 물을 잔뜩 들이마시고 가라앉게 되는 무서운 상황을 연상시키는 단어입니다. 영화에서는 'Shut up! He's gonna drown, and he doesn't even care.' 이 문장은 '입 다물어! 물에 빠져 죽을 텐데, 상관도 안 하잖아요.'라는 뜻입니다. Drown, 물에 빠져 죽다."